name,latitude,longitude,weight,type
1,41.96892,-87.9351,1904,trauma
2,41.97392,-87.9351,1940,trauma
3,41.97892,-87.9351,1978,trauma
4,41.98392,-87.9351,2007,trauma
5,41.98892,-87.9351,2022,trauma
6,41.99392,-87.9351,2189,trauma
7,41.99892,-87.9351,1988,trauma
8,42.00392,-87.9351,1978,trauma
9,41.96392,-87.9301,2077,trauma
10,41.96892,-87.9301,1902,trauma
11,41.97392,-87.9301,1940,trauma
12,41.97892,-87.9301,1978,trauma
13,41.98392,-87.9301,2298,trauma
14,41.98892,-87.9301,2269,trauma
15,41.99392,-87.9301,2162,trauma
16,41.99892,-87.9301,1984,trauma
17,42.00392,-87.9301,1929,trauma
18,41.95892,-87.9251,1962,trauma
19,41.96392,-87.9251,2077,trauma
20,41.96892,-87.9251,2077,trauma
21,41.97392,-87.9251,2077,trauma
22,41.97892,-87.9251,2291,trauma
23,41.98392,-87.9251,2291,trauma
24,41.98892,-87.9251,2251,trauma
25,41.99392,-87.9251,2249,trauma
26,41.99892,-87.9251,2029,trauma
27,42.00392,-87.9251,1971,trauma
28,41.95892,-87.9201,2018,trauma
29,41.96392,-87.9201,2059,trauma
30,41.96892,-87.9201,2107,trauma
31,41.97392,-87.9201,2108,trauma
32,41.97892,-87.9201,2280,trauma
33,41.98392,-87.9201,2280,trauma
34,41.98892,-87.9201,2280,trauma
35,41.99392,-87.9201,2302,trauma
36,41.99892,-87.9201,2071,trauma
37,42.00392,-87.9201,2008,trauma
38,41.95892,-87.9151,2057,trauma
39,41.96392,-87.9151,2117,trauma
40,41.96892,-87.9151,2117,trauma
41,41.97392,-87.9151,1781,trauma
42,41.97892,-87.9151,1785,trauma
43,41.98392,-87.9151,2259,trauma
44,41.98892,-87.9151,2238,trauma
45,41.99392,-87.9151,2201,trauma
46,41.99892,-87.9151,2112,trauma
47,42.00392,-87.9151,2050,trauma
48,41.95392,-87.9101,1916,trauma
49,41.95892,-87.9101,2095,trauma
50,41.96392,-87.9101,2154,trauma
51,41.96892,-87.9101,2154,trauma
52,41.97392,-87.9101,1779,trauma
53,41.97892,-87.9101,1790,trauma
54,41.98392,-87.9101,1790,trauma
55,41.98892,-87.9101,2210,trauma
56,41.99392,-87.9101,2173,trauma
57,41.99892,-87.9101,2137,trauma
58,42.00392,-87.9101,2086,trauma
59,41.95392,-87.9051,1969,trauma
60,41.95892,-87.9051,2151,trauma
61,41.96392,-87.9051,2163,trauma
62,41.96892,-87.9051,2163,trauma
63,41.97392,-87.9051,1757,trauma
64,41.97892,-87.9051,1778,trauma
65,41.98392,-87.9051,1801,trauma
66,41.98892,-87.9051,2203,trauma
67,41.99392,-87.9051,2170,trauma
68,41.99892,-87.9051,2123,trauma
69,42.00392,-87.9051,2123,trauma
70,41.95392,-87.9001,1990,trauma
71,41.95892,-87.9001,2057,trauma
72,41.96392,-87.9001,2096,trauma
73,41.96892,-87.9001,1752,trauma
74,41.97392,-87.9001,1746,trauma
75,41.97892,-87.9001,1753,trauma
76,41.98392,-87.9001,1832,trauma
77,41.98892,-87.9001,2330,trauma
78,41.99392,-87.9001,2330,trauma
79,41.99892,-87.9001,2227,trauma
80,42.00392,-87.9001,2161,trauma
81,41.95392,-87.8951,1897,trauma
82,41.95892,-87.8951,2044,trauma
83,41.96392,-87.8951,2045,trauma
84,41.96892,-87.8951,1646,trauma
85,41.97392,-87.8951,1664,trauma
86,41.97892,-87.8951,1703,trauma
87,41.98392,-87.8951,1865,trauma
88,41.98892,-87.8951,2330,trauma
89,41.99392,-87.8951,2320,trauma
90,41.99892,-87.8951,2250,trauma
91,42.00392,-87.8951,2200,trauma
92,41.95892,-87.8901,1839,trauma
93,41.96392,-87.8901,1792,trauma
94,41.96892,-87.8901,1628,trauma
95,41.97392,-87.8901,1646,trauma
96,41.97892,-87.8901,1977,trauma
97,41.98392,-87.8901,1751,trauma
98,41.98892,-87.8901,1764,trauma
99,41.99392,-87.8901,1852,trauma
100,41.99892,-87.8901,1676,trauma
101,41.95892,-87.8851,1805,trauma
102,41.96392,-87.8851,1771,trauma
103,41.96892,-87.8851,1783,trauma
104,41.97392,-87.8851,1609,trauma
105,41.97892,-87.8851,1667,trauma
106,41.98392,-87.8851,1700,trauma
107,41.98892,-87.8851,1859,trauma
108,41.99392,-87.8851,1860,trauma
109,41.97392,-87.8801,1686,trauma
110,41.97892,-87.8801,1546,trauma
111,41.98392,-87.8801,1710,trauma
112,41.98892,-87.8801,1849,trauma
113,41.99392,-87.8801,1720,trauma
114,41.97392,-87.8751,1659,trauma
115,41.97892,-87.8751,1693,trauma
116,41.97392,-87.8701,1673,trauma
117,41.97392,-87.8601,1548,trauma
118,41.94892,-87.8551,1458,trauma
119,41.95892,-87.8551,1663,trauma
120,41.96392,-87.8551,1693,trauma
121,41.97392,-87.8551,1619,trauma
122,41.97892,-87.8551,1595,trauma
123,41.98392,-87.8551,1455,trauma
124,41.93892,-87.8501,1366,trauma
125,41.94392,-87.8501,1411,trauma
126,41.94892,-87.8501,1558,trauma
127,41.95892,-87.8501,1671,trauma
128,41.96392,-87.8501,1624,trauma
129,41.96892,-87.8501,1626,trauma
130,41.97392,-87.8501,1561,trauma
131,41.97892,-87.8501,1591,trauma
132,41.98392,-87.8501,1865,trauma
133,41.93892,-87.8451,1460,trauma
134,41.94392,-87.8451,1463,trauma
135,41.94892,-87.8451,1578,trauma
136,41.95392,-87.8451,1610,trauma
137,41.95892,-87.8451,1600,trauma
138,41.96392,-87.8451,1666,trauma
139,41.97392,-87.8451,1584,trauma
140,41.97892,-87.8451,1559,trauma
141,41.98392,-87.8451,1399,trauma
142,41.93892,-87.8401,1437,trauma
143,41.94392,-87.8401,1416,trauma
144,41.94892,-87.8401,1454,trauma
145,41.95392,-87.8401,1633,trauma
146,41.95892,-87.8401,1710,trauma
147,41.96392,-87.8401,1645,trauma
148,41.97892,-87.8401,1492,trauma
149,41.98392,-87.8401,1458,trauma
150,41.93892,-87.8351,1418,trauma
151,41.94392,-87.8351,1470,trauma
152,41.94892,-87.8351,1527,trauma
153,41.95392,-87.8351,1560,trauma
154,41.95892,-87.8351,1640,trauma
155,41.97892,-87.8351,1453,trauma
156,41.98392,-87.8351,1391,trauma
157,41.93892,-87.8301,1453,trauma
158,41.94392,-87.8301,1490,trauma
159,41.94892,-87.8301,1583,trauma
160,41.97392,-87.8301,1460,trauma
161,41.97892,-87.8301,1472,trauma
162,41.98392,-87.8301,1397,trauma
163,41.93892,-87.8251,1517,trauma
164,41.94392,-87.8251,1578,trauma
165,41.94892,-87.8251,1632,trauma
166,41.98392,-87.8251,1342,trauma
167,41.93892,-87.8201,1548,trauma
168,41.94392,-87.8201,1579,trauma
169,41.94892,-87.8201,1611,trauma
170,41.97892,-87.8201,1407,trauma
171,41.98392,-87.8201,1366,trauma
172,41.98892,-87.8201,1466,trauma
173,41.99392,-87.8201,1505,trauma
174,41.99892,-87.8201,1506,trauma
175,42.00392,-87.8201,1550,trauma
176,42.00892,-87.8201,1661,trauma
177,41.93892,-87.8151,1512,trauma
178,41.94392,-87.8151,1561,trauma
179,41.94892,-87.8151,1628,trauma
180,41.97892,-87.8151,1386,trauma
181,41.98392,-87.8151,1430,trauma
182,41.98892,-87.8151,1438,trauma
183,41.99392,-87.8151,1473,trauma
184,41.99892,-87.8151,1505,trauma
185,42.00392,-87.8151,1576,trauma
186,42.00892,-87.8151,1675,trauma
187,42.01392,-87.8151,1647,trauma
188,41.93892,-87.8101,1468,trauma
189,41.94392,-87.8101,1505,trauma
190,41.94892,-87.8101,1583,trauma
191,41.97892,-87.8101,1328,trauma
192,41.98392,-87.8101,1311,trauma
193,41.98892,-87.8101,1425,trauma
194,41.99392,-87.8101,1433,trauma
195,41.99892,-87.8101,1460,trauma
196,42.00392,-87.8101,1568,trauma
197,42.00892,-87.8101,1616,trauma
198,42.01392,-87.8101,1638,trauma
199,41.90892,-87.8051,996,trauma
200,41.91392,-87.8051,1070,trauma
201,41.91892,-87.8051,1163,trauma
202,41.92392,-87.8051,1179,trauma
203,41.92892,-87.8051,1292,trauma
204,41.93392,-87.8051,1357,trauma
205,41.93892,-87.8051,1434,trauma
206,41.94392,-87.8051,1504,trauma
207,41.94892,-87.8051,1536,trauma
208,41.95392,-87.8051,1471,trauma
209,41.96892,-87.8051,1388,trauma
210,41.97392,-87.8051,1383,trauma
211,41.97892,-87.8051,1269,trauma
212,41.98392,-87.8051,1322,trauma
213,41.98892,-87.8051,1401,trauma
214,41.99392,-87.8051,1420,trauma
215,41.99892,-87.8051,1475,trauma
216,41.77392,-87.8001,1080,trauma
217,41.77892,-87.8001,1033,trauma
218,41.78392,-87.8001,955,trauma
219,41.78892,-87.8001,932,trauma
220,41.79392,-87.8001,870,trauma
221,41.91392,-87.8001,1119,trauma
222,41.91892,-87.8001,1193,trauma
223,41.92392,-87.8001,1254,trauma
224,41.92892,-87.8001,1324,trauma
225,41.93392,-87.8001,1399,trauma
226,41.93892,-87.8001,1451,trauma
227,41.94392,-87.8001,1519,trauma
228,41.94892,-87.8001,1506,trauma
229,41.95392,-87.8001,1494,trauma
230,41.96892,-87.8001,1414,trauma
231,41.97392,-87.8001,1329,trauma
232,41.97892,-87.8001,1301,trauma
233,41.98392,-87.8001,1298,trauma
234,41.98892,-87.8001,1395,trauma
235,41.99392,-87.8001,1391,trauma
236,41.99892,-87.8001,1519,trauma
237,41.77392,-87.7951,1115,trauma
238,41.77892,-87.7951,1138,trauma
239,41.78392,-87.7951,1020,trauma
240,41.78892,-87.7951,980,trauma
241,41.79392,-87.7951,928,trauma
242,41.79892,-87.7951,971,trauma
243,41.91392,-87.7951,1105,trauma
244,41.91892,-87.7951,1166,trauma
245,41.92392,-87.7951,1195,trauma
246,41.92892,-87.7951,1289,trauma
247,41.93392,-87.7951,1360,trauma
248,41.93892,-87.7951,1431,trauma
249,41.94392,-87.7951,1492,trauma
250,41.94892,-87.7951,1473,trauma
251,41.95392,-87.7951,1594,trauma
252,41.95892,-87.7951,1406,trauma
253,41.96892,-87.7951,1353,trauma
254,41.97392,-87.7951,1294,trauma
255,41.97892,-87.7951,1288,trauma
256,41.98392,-87.7951,1301,trauma
257,41.98892,-87.7951,1277,trauma
258,41.99392,-87.7951,1409,trauma
259,41.99892,-87.7951,1470,trauma
260,41.77392,-87.7901,1145,trauma
261,41.77892,-87.7901,1140,trauma
262,41.78392,-87.7901,1087,trauma
263,41.78892,-87.7901,1047,trauma
264,41.79392,-87.7901,991,trauma
265,41.79892,-87.7901,1021,trauma
266,41.91392,-87.7901,1109,trauma
267,41.91892,-87.7901,1112,trauma
268,41.92392,-87.7901,1265,trauma
269,41.92892,-87.7901,1238,trauma
270,41.93392,-87.7901,1324,trauma
271,41.93892,-87.7901,1408,trauma
272,41.94392,-87.7901,1445,trauma
273,41.94892,-87.7901,1353,trauma
274,41.95392,-87.7901,1422,trauma
275,41.95892,-87.7901,1398,trauma
276,41.96892,-87.7901,1325,trauma
277,41.97392,-87.7901,1241,trauma
278,41.97892,-87.7901,1265,trauma
279,41.98392,-87.7901,1283,trauma
280,41.98892,-87.7901,1323,trauma
281,41.99392,-87.7901,1390,trauma
282,41.99892,-87.7901,1435,trauma
283,41.77892,-87.7851,1172,trauma
284,41.78392,-87.7851,1140,trauma
285,41.78892,-87.7851,1084,trauma
286,41.79392,-87.7851,1030,trauma
287,41.79892,-87.7851,1045,trauma
288,41.91392,-87.7851,1012,trauma
289,41.91892,-87.7851,1072,trauma
290,41.92392,-87.7851,1127,trauma
291,41.92892,-87.7851,1229,trauma
292,41.93392,-87.7851,1311,trauma
293,41.93892,-87.7851,1358,trauma
294,41.94392,-87.7851,1404,trauma
295,41.94892,-87.7851,1364,trauma
296,41.95392,-87.7851,1311,trauma
297,41.95892,-87.7851,1336,trauma
298,41.96392,-87.7851,1325,trauma
299,41.96892,-87.7851,1291,trauma
300,41.97392,-87.7851,1240,trauma
301,41.97892,-87.7851,1232,trauma
302,41.98392,-87.7851,1258,trauma
303,41.98892,-87.7851,1342,trauma
304,41.99392,-87.7851,1342,trauma
305,41.99892,-87.7851,1410,trauma
306,42.00892,-87.7851,1472,trauma
307,41.77892,-87.7801,1208,trauma
308,41.78392,-87.7801,1145,trauma
309,41.78892,-87.7801,1105,trauma
310,41.79392,-87.7801,1013,trauma
311,41.79892,-87.7801,948,trauma
312,41.91392,-87.7801,1010,trauma
313,41.91892,-87.7801,1039,trauma
314,41.92392,-87.7801,1138,trauma
315,41.92892,-87.7801,1170,trauma
316,41.93392,-87.7801,1256,trauma
317,41.93892,-87.7801,1326,trauma
318,41.94392,-87.7801,1408,trauma
319,41.94892,-87.7801,1334,trauma
320,41.95392,-87.7801,1310,trauma
321,41.95892,-87.7801,1276,trauma
322,41.96392,-87.7801,1284,trauma
323,41.96892,-87.7801,1205,trauma
324,41.97392,-87.7801,1182,trauma
325,41.97892,-87.7801,1228,trauma
326,41.98392,-87.7801,1296,trauma
327,41.98892,-87.7801,1288,trauma
328,41.99392,-87.7801,1425,trauma
329,41.99892,-87.7801,1298,trauma
330,42.00392,-87.7801,1448,trauma
331,42.00892,-87.7801,1514,trauma
332,41.77892,-87.7751,1201,trauma
333,41.78392,-87.7751,1112,trauma
334,41.78892,-87.7751,1029,trauma
335,41.79392,-87.7751,942,trauma
336,41.79892,-87.7751,910,trauma
337,41.89392,-87.7751,702,trauma
338,41.89892,-87.7751,762,trauma
339,41.90392,-87.7751,849,trauma
340,41.90892,-87.7751,900,trauma
341,41.91392,-87.7751,938,trauma
342,41.91892,-87.7751,1034,trauma
343,41.92392,-87.7751,1058,trauma
344,41.92892,-87.7751,1134,trauma
345,41.93392,-87.7751,1215,trauma
346,41.93892,-87.7751,1268,trauma
347,41.94392,-87.7751,1345,trauma
348,41.94892,-87.7751,1281,trauma
349,41.95392,-87.7751,1265,trauma
350,41.95892,-87.7751,1240,trauma
351,41.96392,-87.7751,1226,trauma
352,41.96892,-87.7751,1195,trauma
353,41.97392,-87.7751,1146,trauma
354,41.97892,-87.7751,1181,trauma
355,41.98392,-87.7751,1299,trauma
356,41.98892,-87.7751,1323,trauma
357,41.99392,-87.7751,1405,trauma
358,41.99892,-87.7751,1276,trauma
359,42.00392,-87.7751,1429,trauma
360,42.00892,-87.7751,1464,trauma
361,41.77892,-87.7701,1111,trauma
362,41.78392,-87.7701,1096,trauma
363,41.78892,-87.7701,1018,trauma
364,41.79392,-87.7701,931,trauma
365,41.79892,-87.7701,871,trauma
366,41.86892,-87.7701,505,trauma
367,41.87392,-87.7701,557,trauma
368,41.87892,-87.7701,574,trauma
369,41.88392,-87.7701,676,trauma
370,41.88892,-87.7701,744,trauma
371,41.89392,-87.7701,759,trauma
372,41.89892,-87.7701,900,trauma
373,41.90392,-87.7701,905,trauma
374,41.90892,-87.7701,945,trauma
375,41.91392,-87.7701,1006,trauma
376,41.91892,-87.7701,1068,trauma
377,41.92392,-87.7701,1060,trauma
378,41.92892,-87.7701,1152,trauma
379,41.93392,-87.7701,1236,trauma
380,41.93892,-87.7701,1249,trauma
381,41.94392,-87.7701,1334,trauma
382,41.94892,-87.7701,1236,trauma
383,41.95392,-87.7701,1224,trauma
384,41.95892,-87.7701,1229,trauma
385,41.96392,-87.7701,1167,trauma
386,41.96892,-87.7701,1157,trauma
387,41.97392,-87.7701,1145,trauma
388,41.97892,-87.7701,1199,trauma
389,41.98392,-87.7701,1221,trauma
390,41.98892,-87.7701,1282,trauma
391,41.99392,-87.7701,1307,trauma
392,41.99892,-87.7701,1270,trauma
393,42.00392,-87.7701,1364,trauma
394,41.77892,-87.7651,1076,trauma
395,41.78392,-87.7651,1015,trauma
396,41.78892,-87.7651,1000,trauma
397,41.79392,-87.7651,915,trauma
398,41.79892,-87.7651,830,trauma
399,41.86892,-87.7651,506,trauma
400,41.87392,-87.7651,434,trauma
401,41.87892,-87.7651,508,trauma
402,41.88392,-87.7651,572,trauma
403,41.88892,-87.7651,629,trauma
404,41.89392,-87.7651,683,trauma
405,41.89892,-87.7651,778,trauma
406,41.90392,-87.7651,836,trauma
407,41.90892,-87.7651,876,trauma
408,41.91392,-87.7651,970,trauma
409,41.91892,-87.7651,973,trauma
410,41.92392,-87.7651,1156,trauma
411,41.92892,-87.7651,1135,trauma
412,41.93392,-87.7651,1217,trauma
413,41.93892,-87.7651,1227,trauma
414,41.94392,-87.7651,1294,trauma
415,41.94892,-87.7651,1177,trauma
416,41.95392,-87.7651,1092,trauma
417,41.95892,-87.7651,1149,trauma
418,41.96392,-87.7651,1142,trauma
419,41.96892,-87.7651,1118,trauma
420,41.97392,-87.7651,1159,trauma
421,41.97892,-87.7651,1217,trauma
422,41.98392,-87.7651,1196,trauma
423,41.98892,-87.7651,1294,trauma
424,41.99392,-87.7651,1214,trauma
425,41.99892,-87.7651,1263,trauma
426,42.00392,-87.7651,1352,trauma
427,41.77892,-87.7601,1067,trauma
428,41.78392,-87.7601,998,trauma
429,41.78892,-87.7601,998,trauma
430,41.79392,-87.7601,887,trauma
431,41.79892,-87.7601,837,trauma
432,41.86892,-87.7601,438,trauma
433,41.87392,-87.7601,525,trauma
434,41.87892,-87.7601,620,trauma
435,41.88392,-87.7601,655,trauma
436,41.88892,-87.7601,707,trauma
437,41.89392,-87.7601,794,trauma
438,41.89892,-87.7601,829,trauma
439,41.90392,-87.7601,909,trauma
440,41.90892,-87.7601,964,trauma
441,41.91392,-87.7601,1043,trauma
442,41.91892,-87.7601,1072,trauma
443,41.92392,-87.7601,1112,trauma
444,41.92892,-87.7601,1178,trauma
445,41.93392,-87.7601,1268,trauma
446,41.93892,-87.7601,1199,trauma
447,41.94392,-87.7601,1253,trauma
448,41.94892,-87.7601,1165,trauma
449,41.95392,-87.7601,1120,trauma
450,41.95892,-87.7601,1096,trauma
451,41.96392,-87.7601,1126,trauma
452,41.96892,-87.7601,1018,trauma
453,41.97392,-87.7601,1138,trauma
454,41.97892,-87.7601,1149,trauma
455,41.98392,-87.7601,1337,trauma
456,41.98892,-87.7601,1180,trauma
457,41.99392,-87.7601,1184,trauma
458,41.99892,-87.7601,1274,trauma
459,41.77892,-87.7551,1107,trauma
460,41.78392,-87.7551,1000,trauma
461,41.78892,-87.7551,1007,trauma
462,41.79392,-87.7551,960,trauma
463,41.79892,-87.7551,921,trauma
464,41.86892,-87.7551,368,trauma
465,41.87392,-87.7551,558,trauma
466,41.87892,-87.7551,539,trauma
467,41.88392,-87.7551,585,trauma
468,41.88892,-87.7551,633,trauma
469,41.89392,-87.7551,740,trauma
470,41.89892,-87.7551,798,trauma
471,41.90392,-87.7551,870,trauma
472,41.90892,-87.7551,933,trauma
473,41.91392,-87.7551,997,trauma
474,41.91892,-87.7551,1048,trauma
475,41.92392,-87.7551,1067,trauma
476,41.92892,-87.7551,1164,trauma
477,41.93392,-87.7551,1195,trauma
478,41.93892,-87.7551,1110,trauma
479,41.94392,-87.7551,1232,trauma
480,41.94892,-87.7551,1141,trauma
481,41.95392,-87.7551,1117,trauma
482,41.95892,-87.7551,1049,trauma
483,41.96392,-87.7551,1060,trauma
484,41.96892,-87.7551,1052,trauma
485,41.97392,-87.7551,1089,trauma
486,41.97892,-87.7551,1135,trauma
487,41.98392,-87.7551,1221,trauma
488,41.98892,-87.7551,1196,trauma
489,41.99392,-87.7551,1218,trauma
490,41.77892,-87.7501,1123,trauma
491,41.78392,-87.7501,1159,trauma
492,41.78892,-87.7501,1018,trauma
493,41.79392,-87.7501,1030,trauma
494,41.79892,-87.7501,882,trauma
495,41.80392,-87.7501,816,trauma
496,41.80892,-87.7501,801,trauma
497,41.81392,-87.7501,599,trauma
498,41.86892,-87.7501,457,trauma
499,41.87392,-87.7501,516,trauma
500,41.87892,-87.7501,514,trauma
501,41.88392,-87.7501,565,trauma
502,41.88892,-87.7501,655,trauma
503,41.89392,-87.7501,713,trauma
504,41.89892,-87.7501,778,trauma
505,41.90392,-87.7501,824,trauma
506,41.90892,-87.7501,889,trauma
507,41.91392,-87.7501,956,trauma
508,41.91892,-87.7501,1028,trauma
509,41.92392,-87.7501,1047,trauma
510,41.92892,-87.7501,1143,trauma
511,41.93392,-87.7501,1186,trauma
512,41.93892,-87.7501,1065,trauma
513,41.94392,-87.7501,1187,trauma
514,41.94892,-87.7501,1199,trauma
515,41.95392,-87.7501,1040,trauma
516,41.95892,-87.7501,988,trauma
517,41.96392,-87.7501,931,trauma
518,41.96892,-87.7501,1036,trauma
519,41.97392,-87.7501,1011,trauma
520,41.97892,-87.7501,1115,trauma
521,41.98392,-87.7501,1047,trauma
522,41.98892,-87.7501,1194,trauma
523,41.99392,-87.7501,1222,trauma
524,41.77892,-87.7451,1170,trauma
525,41.78392,-87.7451,1187,trauma
526,41.78892,-87.7451,1125,trauma
527,41.79392,-87.7451,1060,trauma
528,41.79892,-87.7451,840,trauma
529,41.80392,-87.7451,790,trauma
530,41.80892,-87.7451,730,trauma
531,41.81392,-87.7451,641,trauma
532,41.86892,-87.7451,407,trauma
533,41.87392,-87.7451,391,trauma
534,41.87892,-87.7451,443,trauma
535,41.88392,-87.7451,516,trauma
536,41.88892,-87.7451,612,trauma
537,41.89392,-87.7451,652,trauma
538,41.89892,-87.7451,695,trauma
539,41.90392,-87.7451,890,trauma
540,41.90892,-87.7451,933,trauma
541,41.91392,-87.7451,875,trauma
542,41.91892,-87.7451,1012,trauma
543,41.92392,-87.7451,1056,trauma
544,41.92892,-87.7451,1085,trauma
545,41.93392,-87.7451,1087,trauma
546,41.93892,-87.7451,1009,trauma
547,41.94392,-87.7451,1117,trauma
548,41.94892,-87.7451,1038,trauma
549,41.95392,-87.7451,1027,trauma
550,41.95892,-87.7451,939,trauma
551,41.96392,-87.7451,970,trauma
552,41.96892,-87.7451,1021,trauma
553,41.97392,-87.7451,1126,trauma
554,41.97892,-87.7451,1176,trauma
555,41.98392,-87.7451,1314,trauma
556,41.98892,-87.7451,1251,trauma
557,41.99392,-87.7451,1226,trauma
558,41.73892,-87.7401,1445,trauma
559,41.74392,-87.7401,1405,trauma
560,41.74892,-87.7401,1389,trauma
561,41.75392,-87.7401,1288,trauma
562,41.75892,-87.7401,1205,trauma
563,41.76392,-87.7401,1151,trauma
564,41.76892,-87.7401,1264,trauma
565,41.77392,-87.7401,1127,trauma
566,41.77892,-87.7401,1085,trauma
567,41.78392,-87.7401,1049,trauma
568,41.78892,-87.7401,1043,trauma
569,41.79392,-87.7401,910,trauma
570,41.79892,-87.7401,839,trauma
571,41.80392,-87.7401,797,trauma
572,41.80892,-87.7401,718,trauma
573,41.81392,-87.7401,654,trauma
574,41.81892,-87.7401,630,trauma
575,41.86892,-87.7401,373,trauma
576,41.87392,-87.7401,409,trauma
577,41.87892,-87.7401,440,trauma
578,41.88392,-87.7401,508,trauma
579,41.88892,-87.7401,545,trauma
580,41.89392,-87.7401,586,trauma
581,41.89892,-87.7401,778,trauma
582,41.90392,-87.7401,742,trauma
583,41.90892,-87.7401,893,trauma
584,41.91392,-87.7401,921,trauma
585,41.91892,-87.7401,1051,trauma
586,41.92392,-87.7401,989,trauma
587,41.92892,-87.7401,1071,trauma
588,41.93392,-87.7401,1043,trauma
589,41.93892,-87.7401,970,trauma
590,41.94392,-87.7401,1054,trauma
591,41.94892,-87.7401,991,trauma
592,41.95392,-87.7401,931,trauma
593,41.95892,-87.7401,764,trauma
594,41.96392,-87.7401,978,trauma
595,41.96892,-87.7401,1151,trauma
596,41.97392,-87.7401,1124,trauma
597,41.97892,-87.7401,1377,trauma
598,41.98392,-87.7401,1317,trauma
599,41.98892,-87.7401,1325,trauma
600,41.99392,-87.7401,1295,trauma
601,41.68392,-87.7351,1840,trauma
602,41.68892,-87.7351,1824,trauma
603,41.73892,-87.7351,1488,trauma
604,41.74392,-87.7351,1466,trauma
605,41.74892,-87.7351,1404,trauma
606,41.75392,-87.7351,1342,trauma
607,41.75892,-87.7351,1349,trauma
608,41.76392,-87.7351,1233,trauma
609,41.76892,-87.7351,1243,trauma
610,41.77392,-87.7351,1178,trauma
611,41.77892,-87.7351,1124,trauma
612,41.78392,-87.7351,1038,trauma
613,41.78892,-87.7351,988,trauma
614,41.79392,-87.7351,950,trauma
615,41.79892,-87.7351,878,trauma
616,41.80392,-87.7351,813,trauma
617,41.80892,-87.7351,795,trauma
618,41.81392,-87.7351,723,trauma
619,41.81892,-87.7351,523,trauma
620,41.82392,-87.7351,750,trauma
621,41.82892,-87.7351,714,trauma
622,41.83392,-87.7351,602,trauma
623,41.83892,-87.7351,556,trauma
624,41.84392,-87.7351,462,trauma
625,41.84892,-87.7351,450,trauma
626,41.85392,-87.7351,432,trauma
627,41.85892,-87.7351,418,trauma
628,41.86392,-87.7351,385,trauma
629,41.86892,-87.7351,332,trauma
630,41.87392,-87.7351,298,trauma
631,41.87892,-87.7351,453,trauma
632,41.88392,-87.7351,438,trauma
633,41.88892,-87.7351,564,trauma
634,41.89392,-87.7351,645,trauma
635,41.89892,-87.7351,731,trauma
636,41.90392,-87.7351,780,trauma
637,41.90892,-87.7351,877,trauma
638,41.91392,-87.7351,1002,trauma
639,41.91892,-87.7351,1004,trauma
640,41.92392,-87.7351,991,trauma
641,41.92892,-87.7351,1019,trauma
642,41.93392,-87.7351,1000,trauma
643,41.93892,-87.7351,931,trauma
644,41.94392,-87.7351,1001,trauma
645,41.94892,-87.7351,929,trauma
646,41.95392,-87.7351,913,trauma
647,41.95892,-87.7351,909,trauma
648,41.96392,-87.7351,987,trauma
649,41.96892,-87.7351,1204,trauma
650,41.97392,-87.7351,1146,trauma
651,41.97892,-87.7351,1316,trauma
652,41.98392,-87.7351,1311,trauma
653,41.98892,-87.7351,1343,trauma
654,41.99392,-87.7351,1353,trauma
655,41.68392,-87.7301,1817,trauma
656,41.68892,-87.7301,1864,trauma
657,41.73892,-87.7301,1495,trauma
658,41.74392,-87.7301,1438,trauma
659,41.74892,-87.7301,1376,trauma
660,41.75392,-87.7301,1310,trauma
661,41.75892,-87.7301,1329,trauma
662,41.76392,-87.7301,1256,trauma
663,41.76892,-87.7301,1205,trauma
664,41.77392,-87.7301,1182,trauma
665,41.77892,-87.7301,1084,trauma
666,41.78392,-87.7301,1016,trauma
667,41.78892,-87.7301,1008,trauma
668,41.79392,-87.7301,947,trauma
669,41.79892,-87.7301,834,trauma
670,41.80392,-87.7301,801,trauma
671,41.80892,-87.7301,766,trauma
672,41.81392,-87.7301,692,trauma
673,41.81892,-87.7301,652,trauma
674,41.82392,-87.7301,711,trauma
675,41.82892,-87.7301,677,trauma
676,41.83392,-87.7301,623,trauma
677,41.83892,-87.7301,556,trauma
678,41.84392,-87.7301,459,trauma
679,41.84892,-87.7301,360,trauma
680,41.85392,-87.7301,430,trauma
681,41.85892,-87.7301,376,trauma
682,41.86392,-87.7301,431,trauma
683,41.86892,-87.7301,409,trauma
684,41.87392,-87.7301,340,trauma
685,41.87892,-87.7301,429,trauma
686,41.88392,-87.7301,527,trauma
687,41.88892,-87.7301,636,trauma
688,41.89392,-87.7301,599,trauma
689,41.89892,-87.7301,684,trauma
690,41.90392,-87.7301,717,trauma
691,41.90892,-87.7301,831,trauma
692,41.91392,-87.7301,921,trauma
693,41.91892,-87.7301,999,trauma
694,41.92392,-87.7301,938,trauma
695,41.92892,-87.7301,912,trauma
696,41.93392,-87.7301,999,trauma
697,41.93892,-87.7301,883,trauma
698,41.94392,-87.7301,945,trauma
699,41.94892,-87.7301,968,trauma
700,41.95392,-87.7301,1005,trauma
701,41.95892,-87.7301,932,trauma
702,41.96392,-87.7301,1058,trauma
703,41.96892,-87.7301,1125,trauma
704,41.97392,-87.7301,1173,trauma
705,41.97892,-87.7301,1272,trauma
706,41.98392,-87.7301,1281,trauma
707,41.98892,-87.7301,1329,trauma
708,41.99392,-87.7301,1365,trauma
709,41.68392,-87.7251,1792,trauma
710,41.68892,-87.7251,1942,trauma
711,41.73892,-87.7251,1453,trauma
712,41.74392,-87.7251,1428,trauma
713,41.74892,-87.7251,1346,trauma
714,41.75392,-87.7251,1330,trauma
715,41.75892,-87.7251,1239,trauma
716,41.76392,-87.7251,1184,trauma
717,41.76892,-87.7251,1149,trauma
718,41.77392,-87.7251,1105,trauma
719,41.77892,-87.7251,1042,trauma
720,41.78392,-87.7251,963,trauma
721,41.78892,-87.7251,925,trauma
722,41.79392,-87.7251,903,trauma
723,41.79892,-87.7251,932,trauma
724,41.80392,-87.7251,763,trauma
725,41.80892,-87.7251,707,trauma
726,41.81392,-87.7251,624,trauma
727,41.81892,-87.7251,595,trauma
728,41.82392,-87.7251,511,trauma
729,41.82892,-87.7251,634,trauma
730,41.83392,-87.7251,568,trauma
731,41.83892,-87.7251,472,trauma
732,41.84392,-87.7251,401,trauma
733,41.84892,-87.7251,337,trauma
734,41.85392,-87.7251,342,trauma
735,41.85892,-87.7251,330,trauma
736,41.86392,-87.7251,356,trauma
737,41.86892,-87.7251,328,trauma
738,41.87392,-87.7251,237,trauma
739,41.87892,-87.7251,395,trauma
740,41.88392,-87.7251,459,trauma
741,41.88892,-87.7251,540,trauma
742,41.89392,-87.7251,574,trauma
743,41.89892,-87.7251,635,trauma
744,41.90392,-87.7251,682,trauma
745,41.90892,-87.7251,771,trauma
746,41.91392,-87.7251,884,trauma
747,41.91892,-87.7251,919,trauma
748,41.92392,-87.7251,885,trauma
749,41.92892,-87.7251,894,trauma
750,41.93392,-87.7251,939,trauma
751,41.93892,-87.7251,814,trauma
752,41.94392,-87.7251,927,trauma
753,41.94892,-87.7251,905,trauma
754,41.95392,-87.7251,918,trauma
755,41.95892,-87.7251,953,trauma
756,41.96392,-87.7251,1022,trauma
757,41.96892,-87.7251,1102,trauma
758,41.97392,-87.7251,1195,trauma
759,41.97892,-87.7251,1325,trauma
760,41.98392,-87.7251,1380,trauma
761,41.98892,-87.7251,1212,trauma
762,41.99392,-87.7251,1329,trauma
763,41.68892,-87.7201,1761,trauma
764,41.69392,-87.7201,1764,trauma
765,41.69892,-87.7201,1748,trauma
766,41.70392,-87.7201,1740,trauma
767,41.70892,-87.7201,1710,trauma
768,41.73892,-87.7201,1518,trauma
769,41.74392,-87.7201,1372,trauma
770,41.74892,-87.7201,1381,trauma
771,41.75392,-87.7201,1274,trauma
772,41.75892,-87.7201,1277,trauma
773,41.76392,-87.7201,1190,trauma
774,41.76892,-87.7201,1135,trauma
775,41.77392,-87.7201,1070,trauma
776,41.77892,-87.7201,1015,trauma
777,41.78392,-87.7201,962,trauma
778,41.78892,-87.7201,937,trauma
779,41.79392,-87.7201,897,trauma
780,41.79892,-87.7201,880,trauma
781,41.80392,-87.7201,789,trauma
782,41.80892,-87.7201,730,trauma
783,41.81392,-87.7201,659,trauma
784,41.81892,-87.7201,600,trauma
785,41.82392,-87.7201,470,trauma
786,41.82892,-87.7201,591,trauma
787,41.83392,-87.7201,574,trauma
788,41.83892,-87.7201,515,trauma
789,41.84392,-87.7201,468,trauma
790,41.84892,-87.7201,372,trauma
791,41.85392,-87.7201,275,trauma
792,41.85892,-87.7201,281,trauma
793,41.86392,-87.7201,314,trauma
794,41.86892,-87.7201,315,trauma
795,41.87392,-87.7201,220,trauma
796,41.87892,-87.7201,388,trauma
797,41.88392,-87.7201,424,trauma
798,41.88892,-87.7201,516,trauma
799,41.89392,-87.7201,618,trauma
800,41.89892,-87.7201,617,trauma
801,41.90392,-87.7201,638,trauma
802,41.90892,-87.7201,766,trauma
803,41.91392,-87.7201,827,trauma
804,41.91892,-87.7201,866,trauma
805,41.92392,-87.7201,864,trauma
806,41.92892,-87.7201,834,trauma
807,41.93392,-87.7201,860,trauma
808,41.93892,-87.7201,812,trauma
809,41.94392,-87.7201,858,trauma
810,41.94892,-87.7201,863,trauma
811,41.95392,-87.7201,854,trauma
812,41.95892,-87.7201,901,trauma
813,41.96392,-87.7201,993,trauma
814,41.96892,-87.7201,1068,trauma
815,41.97392,-87.7201,1154,trauma
816,41.97892,-87.7201,1177,trauma
817,41.98392,-87.7201,1189,trauma
818,41.98892,-87.7201,1258,trauma
819,41.99392,-87.7201,1257,trauma
820,41.68892,-87.7151,1748,trauma
821,41.69392,-87.7151,1770,trauma
822,41.69892,-87.7151,1802,trauma
823,41.70392,-87.7151,1787,trauma
824,41.70892,-87.7151,1792,trauma
825,41.73892,-87.7151,1472,trauma
826,41.74392,-87.7151,1470,trauma
827,41.74892,-87.7151,1364,trauma
828,41.75392,-87.7151,1348,trauma
829,41.75892,-87.7151,1277,trauma
830,41.76392,-87.7151,1228,trauma
831,41.76892,-87.7151,1144,trauma
832,41.77392,-87.7151,1127,trauma
833,41.77892,-87.7151,1052,trauma
834,41.78392,-87.7151,1044,trauma
835,41.78892,-87.7151,978,trauma
836,41.79392,-87.7151,931,trauma
837,41.79892,-87.7151,826,trauma
838,41.80392,-87.7151,752,trauma
839,41.80892,-87.7151,705,trauma
840,41.81392,-87.7151,716,trauma
841,41.81892,-87.7151,602,trauma
842,41.82392,-87.7151,590,trauma
843,41.82892,-87.7151,606,trauma
844,41.83392,-87.7151,496,trauma
845,41.83892,-87.7151,454,trauma
846,41.84392,-87.7151,351,trauma
847,41.84892,-87.7151,269,trauma
848,41.85392,-87.7151,205,trauma
849,41.85892,-87.7151,228,trauma
850,41.86392,-87.7151,274,trauma
851,41.86892,-87.7151,282,trauma
852,41.87392,-87.7151,202,trauma
853,41.87892,-87.7151,298,trauma
854,41.88392,-87.7151,390,trauma
855,41.88892,-87.7151,510,trauma
856,41.89392,-87.7151,574,trauma
857,41.89892,-87.7151,605,trauma
858,41.90392,-87.7151,662,trauma
859,41.90892,-87.7151,702,trauma
860,41.91392,-87.7151,820,trauma
861,41.91892,-87.7151,821,trauma
862,41.92392,-87.7151,845,trauma
863,41.92892,-87.7151,785,trauma
864,41.93392,-87.7151,735,trauma
865,41.93892,-87.7151,735,trauma
866,41.94392,-87.7151,765,trauma
867,41.94892,-87.7151,790,trauma
868,41.95392,-87.7151,778,trauma
869,41.95892,-87.7151,860,trauma
870,41.96392,-87.7151,948,trauma
871,41.96892,-87.7151,1032,trauma
872,41.97392,-87.7151,1099,trauma
873,41.97892,-87.7151,1149,trauma
874,41.98392,-87.7151,1245,trauma
875,41.98892,-87.7151,1163,trauma
876,41.99392,-87.7151,1215,trauma
877,41.68392,-87.7101,1749,trauma
878,41.68892,-87.7101,1698,trauma
879,41.69392,-87.7101,1703,trauma
880,41.69892,-87.7101,1754,trauma
881,41.70392,-87.7101,1745,trauma
882,41.73892,-87.7101,1527,trauma
883,41.74392,-87.7101,1379,trauma
884,41.74892,-87.7101,1410,trauma
885,41.75392,-87.7101,1384,trauma
886,41.75892,-87.7101,1348,trauma
887,41.76392,-87.7101,1275,trauma
888,41.76892,-87.7101,1304,trauma
889,41.77392,-87.7101,1185,trauma
890,41.77892,-87.7101,1089,trauma
891,41.78392,-87.7101,1052,trauma
892,41.78892,-87.7101,1019,trauma
893,41.79392,-87.7101,968,trauma
894,41.79892,-87.7101,850,trauma
895,41.80392,-87.7101,810,trauma
896,41.80892,-87.7101,700,trauma
897,41.81392,-87.7101,655,trauma
898,41.81892,-87.7101,627,trauma
899,41.82392,-87.7101,535,trauma
900,41.82892,-87.7101,500,trauma
901,41.83392,-87.7101,490,trauma
902,41.83892,-87.7101,457,trauma
903,41.84392,-87.7101,375,trauma
904,41.84892,-87.7101,301,trauma
905,41.85392,-87.7101,186,trauma
906,41.85892,-87.7101,178,trauma
907,41.86392,-87.7101,230,trauma
908,41.86892,-87.7101,246,trauma
909,41.87392,-87.7101,184,trauma
910,41.87892,-87.7101,304,trauma
911,41.88392,-87.7101,411,trauma
912,41.88892,-87.7101,389,trauma
913,41.89392,-87.7101,501,trauma
914,41.89892,-87.7101,505,trauma
915,41.90392,-87.7101,611,trauma
916,41.90892,-87.7101,668,trauma
917,41.91392,-87.7101,748,trauma
918,41.91892,-87.7101,767,trauma
919,41.92392,-87.7101,746,trauma
920,41.92892,-87.7101,710,trauma
921,41.93392,-87.7101,722,trauma
922,41.93892,-87.7101,660,trauma
923,41.94392,-87.7101,791,trauma
924,41.94892,-87.7101,746,trauma
925,41.95392,-87.7101,740,trauma
926,41.95892,-87.7101,821,trauma
927,41.96392,-87.7101,913,trauma
928,41.96892,-87.7101,950,trauma
929,41.97392,-87.7101,1020,trauma
930,41.97892,-87.7101,1069,trauma
931,41.98392,-87.7101,1119,trauma
932,41.98892,-87.7101,1123,trauma
933,41.99392,-87.7101,1230,trauma
934,41.68892,-87.7051,1689,trauma
935,41.69392,-87.7051,1671,trauma
936,41.69892,-87.7051,1712,trauma
937,41.70392,-87.7051,1723,trauma
938,41.73892,-87.7051,1473,trauma
939,41.74392,-87.7051,1437,trauma
940,41.74892,-87.7051,1389,trauma
941,41.75392,-87.7051,1294,trauma
942,41.75892,-87.7051,1259,trauma
943,41.76392,-87.7051,1244,trauma
944,41.76892,-87.7051,1240,trauma
945,41.77392,-87.7051,1168,trauma
946,41.77892,-87.7051,1054,trauma
947,41.78392,-87.7051,1066,trauma
948,41.78892,-87.7051,963,trauma
949,41.79392,-87.7051,888,trauma
950,41.79892,-87.7051,794,trauma
951,41.80392,-87.7051,712,trauma
952,41.80892,-87.7051,698,trauma
953,41.81392,-87.7051,607,trauma
954,41.81892,-87.7051,520,trauma
955,41.82392,-87.7051,479,trauma
956,41.82892,-87.7051,409,trauma
957,41.83392,-87.7051,404,trauma
958,41.83892,-87.7051,380,trauma
959,41.84392,-87.7051,285,trauma
960,41.84892,-87.7051,221,trauma
961,41.85392,-87.7051,161,trauma
962,41.85892,-87.7051,118,trauma
963,41.86392,-87.7051,180,trauma
964,41.86892,-87.7051,224,trauma
965,41.87392,-87.7051,225,trauma
966,41.87892,-87.7051,332,trauma
967,41.88392,-87.7051,358,trauma
968,41.88892,-87.7051,476,trauma
969,41.89392,-87.7051,494,trauma
970,41.89892,-87.7051,526,trauma
971,41.90392,-87.7051,561,trauma
972,41.90892,-87.7051,615,trauma
973,41.91392,-87.7051,689,trauma
974,41.91892,-87.7051,744,trauma
975,41.92392,-87.7051,705,trauma
976,41.92892,-87.7051,694,trauma
977,41.93392,-87.7051,676,trauma
978,41.93892,-87.7051,635,trauma
979,41.94392,-87.7051,625,trauma
980,41.94892,-87.7051,688,trauma
981,41.95392,-87.7051,678,trauma
982,41.95892,-87.7051,790,trauma
983,41.96392,-87.7051,866,trauma
984,41.96892,-87.7051,875,trauma
985,41.97392,-87.7051,960,trauma
986,41.97892,-87.7051,1080,trauma
987,41.98392,-87.7051,1083,trauma
988,41.98892,-87.7051,1073,trauma
989,41.99392,-87.7051,1097,trauma
990,41.99892,-87.7051,1263,trauma
991,42.00392,-87.7051,1215,trauma
992,42.00892,-87.7051,1255,trauma
993,42.01392,-87.7051,1331,trauma
994,42.01892,-87.7051,1382,trauma
995,41.68892,-87.7001,1619,trauma
996,41.69392,-87.7001,1611,trauma
997,41.69892,-87.7001,1692,trauma
998,41.70392,-87.7001,1682,trauma
999,41.73892,-87.7001,1458,trauma
1000,41.74392,-87.7001,1433,trauma
1001,41.74892,-87.7001,1408,trauma
1002,41.75392,-87.7001,1304,trauma
1003,41.75892,-87.7001,1259,trauma
1004,41.76392,-87.7001,1220,trauma
1005,41.76892,-87.7001,1135,trauma
1006,41.77392,-87.7001,1111,trauma
1007,41.77892,-87.7001,1005,trauma
1008,41.78392,-87.7001,1018,trauma
1009,41.78892,-87.7001,987,trauma
1010,41.79392,-87.7001,845,trauma
1011,41.79892,-87.7001,871,trauma
1012,41.80392,-87.7001,771,trauma
1013,41.80892,-87.7001,729,trauma
1014,41.81392,-87.7001,610,trauma
1015,41.81892,-87.7001,590,trauma
1016,41.82392,-87.7001,541,trauma
1017,41.82892,-87.7001,451,trauma
1018,41.83392,-87.7001,384,trauma
1019,41.83892,-87.7001,357,trauma
1020,41.84392,-87.7001,276,trauma
1021,41.84892,-87.7001,293,trauma
1022,41.85392,-87.7001,126,trauma
1023,41.85892,-87.7001,54,trauma
1024,41.86392,-87.7001,159,trauma
1025,41.86892,-87.7001,143,trauma
1026,41.87392,-87.7001,182,trauma
1027,41.87892,-87.7001,306,trauma
1028,41.88392,-87.7001,339,trauma
1029,41.88892,-87.7001,549,trauma
1030,41.89392,-87.7001,453,trauma
1031,41.89892,-87.7001,523,trauma
1032,41.90392,-87.7001,548,trauma
1033,41.90892,-87.7001,595,trauma
1034,41.91392,-87.7001,682,trauma
1035,41.91892,-87.7001,742,trauma
1036,41.92392,-87.7001,706,trauma
1037,41.92892,-87.7001,585,trauma
1038,41.93392,-87.7001,600,trauma
1039,41.93892,-87.7001,589,trauma
1040,41.94392,-87.7001,700,trauma
1041,41.94892,-87.7001,657,trauma
1042,41.95392,-87.7001,639,trauma
1043,41.95892,-87.7001,749,trauma
1044,41.96392,-87.7001,797,trauma
1045,41.96892,-87.7001,830,trauma
1046,41.97392,-87.7001,926,trauma
1047,41.97892,-87.7001,986,trauma
1048,41.98392,-87.7001,1038,trauma
1049,41.98892,-87.7001,1057,trauma
1050,41.99392,-87.7001,1062,trauma
1051,41.99892,-87.7001,1145,trauma
1052,42.00392,-87.7001,1161,trauma
1053,42.00892,-87.7001,1228,trauma
1054,42.01392,-87.7001,1282,trauma
1055,42.01892,-87.7001,1329,trauma
1056,41.68892,-87.6951,1605,trauma
1057,41.70392,-87.6951,1653,trauma
1058,41.73892,-87.6951,1543,trauma
1059,41.74392,-87.6951,1497,trauma
1060,41.74892,-87.6951,1415,trauma
1061,41.75392,-87.6951,1283,trauma
1062,41.75892,-87.6951,1236,trauma
1063,41.76392,-87.6951,1163,trauma
1064,41.76892,-87.6951,1161,trauma
1065,41.77392,-87.6951,1069,trauma
1066,41.77892,-87.6951,965,trauma
1067,41.78392,-87.6951,967,trauma
1068,41.78892,-87.6951,908,trauma
1069,41.79392,-87.6951,840,trauma
1070,41.79892,-87.6951,796,trauma
1071,41.80392,-87.6951,671,trauma
1072,41.80892,-87.6951,691,trauma
1073,41.81392,-87.6951,602,trauma
1074,41.81892,-87.6951,500,trauma
1075,41.82392,-87.6951,485,trauma
1076,41.82892,-87.6951,383,trauma
1077,41.83392,-87.6951,321,trauma
1078,41.83892,-87.6951,270,trauma
1079,41.84392,-87.6951,214,trauma
1080,41.84892,-87.6951,134,trauma
1081,41.85392,-87.6951,94,trauma
1082,41.85892,-87.6951,73,trauma
1083,41.86392,-87.6951,130,trauma
1084,41.86892,-87.6951,134,trauma
1085,41.87392,-87.6951,163,trauma
1086,41.87892,-87.6951,298,trauma
1087,41.88392,-87.6951,328,trauma
1088,41.88892,-87.6951,587,trauma
1089,41.89392,-87.6951,386,trauma
1090,41.89892,-87.6951,518,trauma
1091,41.90392,-87.6951,575,trauma
1092,41.90892,-87.6951,631,trauma
1093,41.91392,-87.6951,706,trauma
1094,41.91892,-87.6951,714,trauma
1095,41.92392,-87.6951,617,trauma
1096,41.92892,-87.6951,541,trauma
1097,41.93392,-87.6951,571,trauma
1098,41.93892,-87.6951,512,trauma
1099,41.94392,-87.6951,538,trauma
1100,41.94892,-87.6951,598,trauma
1101,41.95392,-87.6951,597,trauma
1102,41.95892,-87.6951,675,trauma
1103,41.96392,-87.6951,743,trauma
1104,41.96892,-87.6951,826,trauma
1105,41.97392,-87.6951,914,trauma
1106,41.97892,-87.6951,909,trauma
1107,41.98392,-87.6951,1016,trauma
1108,41.98892,-87.6951,1048,trauma
1109,41.99392,-87.6951,992,trauma
1110,41.99892,-87.6951,1072,trauma
1111,42.00392,-87.6951,1125,trauma
1112,42.00892,-87.6951,1149,trauma
1113,42.01392,-87.6951,1231,trauma
1114,42.01892,-87.6951,1294,trauma
1115,41.68892,-87.6901,1567,trauma
1116,41.69392,-87.6901,1577,trauma
1117,41.69892,-87.6901,1620,trauma
1118,41.70392,-87.6901,1609,trauma
1119,41.70892,-87.6901,1612,trauma
1120,41.73892,-87.6901,1510,trauma
1121,41.74392,-87.6901,1458,trauma
1122,41.74892,-87.6901,1381,trauma
1123,41.75392,-87.6901,1263,trauma
1124,41.75892,-87.6901,1225,trauma
1125,41.76392,-87.6901,1196,trauma
1126,41.76892,-87.6901,1128,trauma
1127,41.77392,-87.6901,1105,trauma
1128,41.77892,-87.6901,972,trauma
1129,41.78392,-87.6901,971,trauma
1130,41.78892,-87.6901,894,trauma
1131,41.79392,-87.6901,874,trauma
1132,41.79892,-87.6901,800,trauma
1133,41.80392,-87.6901,781,trauma
1134,41.80892,-87.6901,700,trauma
1135,41.81392,-87.6901,627,trauma
1136,41.81892,-87.6901,582,trauma
1137,41.82392,-87.6901,491,trauma
1138,41.82892,-87.6901,425,trauma
1139,41.83392,-87.6901,502,trauma
1140,41.83892,-87.6901,334,trauma
1141,41.84392,-87.6901,282,trauma
1142,41.84892,-87.6901,211,trauma
1143,41.85392,-87.6901,172,trauma
1144,41.85892,-87.6901,90,trauma
1145,41.86392,-87.6901,82,trauma
1146,41.86892,-87.6901,176,trauma
1147,41.87392,-87.6901,165,trauma
1148,41.87892,-87.6901,245,trauma
1149,41.88392,-87.6901,296,trauma
1150,41.88892,-87.6901,323,trauma
1151,41.89392,-87.6901,441,trauma
1152,41.89892,-87.6901,461,trauma
1153,41.90392,-87.6901,512,trauma
1154,41.90892,-87.6901,575,trauma
1155,41.91392,-87.6901,637,trauma
1156,41.91892,-87.6901,629,trauma
1157,41.92392,-87.6901,586,trauma
1158,41.92892,-87.6901,530,trauma
1159,41.93392,-87.6901,507,trauma
1160,41.93892,-87.6901,480,trauma
1161,41.94392,-87.6901,562,trauma
1162,41.94892,-87.6901,538,trauma
1163,41.95392,-87.6901,554,trauma
1164,41.95892,-87.6901,681,trauma
1165,41.96392,-87.6901,682,trauma
1166,41.96892,-87.6901,715,trauma
1167,41.97392,-87.6901,808,trauma
1168,41.97892,-87.6901,877,trauma
1169,41.98392,-87.6901,925,trauma
1170,41.98892,-87.6901,965,trauma
1171,41.99392,-87.6901,931,trauma
1172,41.99892,-87.6901,986,trauma
1173,42.00392,-87.6901,1033,trauma
1174,42.00892,-87.6901,1164,trauma
1175,42.01392,-87.6901,1239,trauma
1176,42.01892,-87.6901,1210,trauma
1177,41.67892,-87.6851,1554,trauma
1178,41.68392,-87.6851,1598,trauma
1179,41.68892,-87.6851,1538,trauma
1180,41.69392,-87.6851,1539,trauma
1181,41.69892,-87.6851,1571,trauma
1182,41.70392,-87.6851,1572,trauma
1183,41.70892,-87.6851,1569,trauma
1184,41.73892,-87.6851,1433,trauma
1185,41.74392,-87.6851,1417,trauma
1186,41.74892,-87.6851,1346,trauma
1187,41.75392,-87.6851,1294,trauma
1188,41.75892,-87.6851,1261,trauma
1189,41.76392,-87.6851,1210,trauma
1190,41.76892,-87.6851,1127,trauma
1191,41.77392,-87.6851,1064,trauma
1192,41.77892,-87.6851,978,trauma
1193,41.78392,-87.6851,954,trauma
1194,41.78892,-87.6851,913,trauma
1195,41.79392,-87.6851,807,trauma
1196,41.79892,-87.6851,798,trauma
1197,41.80392,-87.6851,766,trauma
1198,41.80892,-87.6851,702,trauma
1199,41.81392,-87.6851,595,trauma
1200,41.81892,-87.6851,531,trauma
1201,41.82392,-87.6851,475,trauma
1202,41.82892,-87.6851,423,trauma
1203,41.83392,-87.6851,522,trauma
1204,41.83892,-87.6851,321,trauma
1205,41.84392,-87.6851,271,trauma
1206,41.84892,-87.6851,248,trauma
1207,41.85392,-87.6851,231,trauma
1208,41.85892,-87.6851,135,trauma
1209,41.86392,-87.6851,176,trauma
1210,41.86892,-87.6851,147,trauma
1211,41.87392,-87.6851,117,trauma
1212,41.87892,-87.6851,168,trauma
1213,41.88392,-87.6851,266,trauma
1214,41.88892,-87.6851,322,trauma
1215,41.89392,-87.6851,364,trauma
1216,41.89892,-87.6851,462,trauma
1217,41.90392,-87.6851,505,trauma
1218,41.90892,-87.6851,576,trauma
1219,41.91392,-87.6851,626,trauma
1220,41.91892,-87.6851,596,trauma
1221,41.92392,-87.6851,518,trauma
1222,41.92892,-87.6851,494,trauma
1223,41.93392,-87.6851,450,trauma
1224,41.93892,-87.6851,418,trauma
1225,41.94392,-87.6851,488,trauma
1226,41.94892,-87.6851,500,trauma
1227,41.95392,-87.6851,505,trauma
1228,41.95892,-87.6851,606,trauma
1229,41.96392,-87.6851,602,trauma
1230,41.96892,-87.6851,788,trauma
1231,41.97392,-87.6851,829,trauma
1232,41.97892,-87.6851,851,trauma
1233,41.98392,-87.6851,983,trauma
1234,41.98892,-87.6851,907,trauma
1235,41.99392,-87.6851,946,trauma
1236,41.99892,-87.6851,1048,trauma
1237,42.00392,-87.6851,999,trauma
1238,42.00892,-87.6851,1044,trauma
1239,42.01392,-87.6851,1204,trauma
1240,42.01892,-87.6851,1138,trauma
1241,41.67892,-87.6801,1512,trauma
1242,41.68392,-87.6801,1511,trauma
1243,41.68892,-87.6801,1508,trauma
1244,41.69392,-87.6801,1507,trauma
1245,41.69892,-87.6801,1493,trauma
1246,41.70392,-87.6801,1528,trauma
1247,41.70892,-87.6801,1524,trauma
1248,41.71392,-87.6801,1422,trauma
1249,41.71892,-87.6801,1533,trauma
1250,41.72392,-87.6801,1568,trauma
1251,41.72892,-87.6801,1521,trauma
1252,41.73392,-87.6801,1435,trauma
1253,41.73892,-87.6801,1433,trauma
1254,41.74392,-87.6801,1410,trauma
1255,41.74892,-87.6801,1349,trauma
1256,41.75392,-87.6801,1296,trauma
1257,41.75892,-87.6801,1255,trauma
1258,41.76392,-87.6801,1202,trauma
1259,41.76892,-87.6801,1144,trauma
1260,41.77392,-87.6801,1100,trauma
1261,41.77892,-87.6801,1028,trauma
1262,41.78392,-87.6801,991,trauma
1263,41.78892,-87.6801,924,trauma
1264,41.79392,-87.6801,839,trauma
1265,41.79892,-87.6801,802,trauma
1266,41.80392,-87.6801,840,trauma
1267,41.80892,-87.6801,685,trauma
1268,41.81392,-87.6801,624,trauma
1269,41.81892,-87.6801,583,trauma
1270,41.82392,-87.6801,538,trauma
1271,41.82892,-87.6801,521,trauma
1272,41.83392,-87.6801,429,trauma
1273,41.83892,-87.6801,565,trauma
1274,41.84392,-87.6801,349,trauma
1275,41.84892,-87.6801,326,trauma
1276,41.85392,-87.6801,302,trauma
1277,41.85892,-87.6801,245,trauma
1278,41.86392,-87.6801,198,trauma
1279,41.86892,-87.6801,125,trauma
1280,41.87392,-87.6801,67,trauma
1281,41.87892,-87.6801,142,trauma
1282,41.88392,-87.6801,211,trauma
1283,41.88892,-87.6801,270,trauma
1284,41.89392,-87.6801,388,trauma
1285,41.89892,-87.6801,416,trauma
1286,41.90392,-87.6801,476,trauma
1287,41.90892,-87.6801,549,trauma
1288,41.91392,-87.6801,607,trauma
1289,41.91892,-87.6801,534,trauma
1290,41.92392,-87.6801,471,trauma
1291,41.92892,-87.6801,392,trauma
1292,41.93392,-87.6801,368,trauma
1293,41.93892,-87.6801,381,trauma
1294,41.94392,-87.6801,464,trauma
1295,41.94892,-87.6801,454,trauma
1296,41.95392,-87.6801,492,trauma
1297,41.95892,-87.6801,534,trauma
1298,41.96392,-87.6801,650,trauma
1299,41.96892,-87.6801,670,trauma
1300,41.97392,-87.6801,731,trauma
1301,41.97892,-87.6801,797,trauma
1302,41.98392,-87.6801,971,trauma
1303,41.98892,-87.6801,988,trauma
1304,41.99392,-87.6801,862,trauma
1305,41.99892,-87.6801,960,trauma
1306,42.00392,-87.6801,962,trauma
1307,42.00892,-87.6801,1051,trauma
1308,42.01392,-87.6801,1086,trauma
1309,42.01892,-87.6801,1201,trauma
1310,41.67892,-87.6751,1439,trauma
1311,41.68392,-87.6751,1447,trauma
1312,41.68892,-87.6751,1461,trauma
1313,41.69392,-87.6751,1475,trauma
1314,41.69892,-87.6751,1455,trauma
1315,41.70392,-87.6751,1553,trauma
1316,41.70892,-87.6751,1468,trauma
1317,41.71392,-87.6751,1383,trauma
1318,41.71892,-87.6751,1507,trauma
1319,41.72392,-87.6751,1512,trauma
1320,41.72892,-87.6751,1628,trauma
1321,41.73392,-87.6751,1696,trauma
1322,41.73892,-87.6751,1445,trauma
1323,41.74392,-87.6751,1437,trauma
1324,41.74892,-87.6751,1367,trauma
1325,41.75392,-87.6751,1322,trauma
1326,41.75892,-87.6751,1258,trauma
1327,41.76392,-87.6751,1212,trauma
1328,41.76892,-87.6751,1156,trauma
1329,41.77392,-87.6751,1120,trauma
1330,41.77892,-87.6751,1099,trauma
1331,41.78392,-87.6751,976,trauma
1332,41.78892,-87.6751,986,trauma
1333,41.79392,-87.6751,871,trauma
1334,41.79892,-87.6751,888,trauma
1335,41.80392,-87.6751,786,trauma
1336,41.80892,-87.6751,762,trauma
1337,41.81392,-87.6751,677,trauma
1338,41.81892,-87.6751,656,trauma
1339,41.82392,-87.6751,608,trauma
1340,41.82892,-87.6751,549,trauma
1341,41.83392,-87.6751,488,trauma
1342,41.83892,-87.6751,435,trauma
1343,41.84392,-87.6751,389,trauma
1344,41.84892,-87.6751,344,trauma
1345,41.85392,-87.6751,255,trauma
1346,41.85892,-87.6751,218,trauma
1347,41.86392,-87.6751,147,trauma
1348,41.86892,-87.6751,104,trauma
1349,41.87392,-87.6751,13,trauma
1350,41.87892,-87.6751,148,trauma
1351,41.88392,-87.6751,208,trauma
1352,41.88892,-87.6751,265,trauma
1353,41.89392,-87.6751,321,trauma
1354,41.89892,-87.6751,399,trauma
1355,41.90392,-87.6751,445,trauma
1356,41.90892,-87.6751,525,trauma
1357,41.91392,-87.6751,570,trauma
1358,41.91892,-87.6751,524,trauma
1359,41.92392,-87.6751,429,trauma
1360,41.92892,-87.6751,376,trauma
1361,41.93392,-87.6751,343,trauma
1362,41.93892,-87.6751,333,trauma
1363,41.94392,-87.6751,363,trauma
1364,41.94892,-87.6751,373,trauma
1365,41.95392,-87.6751,497,trauma
1366,41.95892,-87.6751,490,trauma
1367,41.96392,-87.6751,536,trauma
1368,41.96892,-87.6751,611,trauma
1369,41.97392,-87.6751,695,trauma
1370,41.97892,-87.6751,758,trauma
1371,41.98392,-87.6751,791,trauma
1372,41.98892,-87.6751,891,trauma
1373,41.99392,-87.6751,825,trauma
1374,41.99892,-87.6751,862,trauma
1375,42.00392,-87.6751,926,trauma
1376,42.00892,-87.6751,982,trauma
1377,42.01392,-87.6751,1037,trauma
1378,42.01892,-87.6751,1127,trauma
1379,41.67892,-87.6701,1424,trauma
1380,41.68392,-87.6701,1433,trauma
1381,41.68892,-87.6701,1444,trauma
1382,41.69392,-87.6701,1389,trauma
1383,41.69892,-87.6701,1415,trauma
1384,41.70392,-87.6701,1463,trauma
1385,41.70892,-87.6701,1404,trauma
1386,41.71392,-87.6701,1349,trauma
1387,41.71892,-87.6701,1440,trauma
1388,41.72392,-87.6701,1533,trauma
1389,41.72892,-87.6701,1610,trauma
1390,41.73392,-87.6701,1448,trauma
1391,41.73892,-87.6701,1499,trauma
1392,41.74392,-87.6701,1467,trauma
1393,41.74892,-87.6701,1401,trauma
1394,41.75392,-87.6701,1336,trauma
1395,41.75892,-87.6701,1242,trauma
1396,41.76392,-87.6701,1273,trauma
1397,41.76892,-87.6701,1167,trauma
1398,41.77392,-87.6701,1159,trauma
1399,41.77892,-87.6701,1131,trauma
1400,41.78392,-87.6701,1123,trauma
1401,41.78892,-87.6701,1030,trauma
1402,41.79392,-87.6701,911,trauma
1403,41.79892,-87.6701,946,trauma
1404,41.80392,-87.6701,879,trauma
1405,41.80892,-87.6701,791,trauma
1406,41.81392,-87.6701,714,trauma
1407,41.81892,-87.6701,713,trauma
1408,41.82392,-87.6701,638,trauma
1409,41.82892,-87.6701,607,trauma
1410,41.83392,-87.6701,568,trauma
1411,41.83892,-87.6701,547,trauma
1412,41.84392,-87.6701,508,trauma
1413,41.84892,-87.6701,436,trauma
1414,41.85392,-87.6701,323,trauma
1415,41.85892,-87.6701,263,trauma
1416,41.86392,-87.6701,189,trauma
1417,41.86892,-87.6701,136,trauma
1418,41.87392,-87.6701,43,trauma
1419,41.87892,-87.6701,120,trauma
1420,41.88392,-87.6701,200,trauma
1421,41.88892,-87.6701,248,trauma
1422,41.89392,-87.6701,331,trauma
1423,41.89892,-87.6701,408,trauma
1424,41.90392,-87.6701,482,trauma
1425,41.90892,-87.6701,517,trauma
1426,41.91392,-87.6701,517,trauma
1427,41.91892,-87.6701,454,trauma
1428,41.92392,-87.6701,394,trauma
1429,41.92892,-87.6701,291,trauma
1430,41.93392,-87.6701,254,trauma
1431,41.93892,-87.6701,282,trauma
1432,41.94392,-87.6701,324,trauma
1433,41.94892,-87.6701,420,trauma
1434,41.95392,-87.6701,427,trauma
1435,41.95892,-87.6701,497,trauma
1436,41.96392,-87.6701,523,trauma
1437,41.96892,-87.6701,566,trauma
1438,41.97392,-87.6701,614,trauma
1439,41.97892,-87.6701,697,trauma
1440,41.98392,-87.6701,722,trauma
1441,41.98892,-87.6701,772,trauma
1442,41.99392,-87.6701,801,trauma
1443,41.99892,-87.6701,851,trauma
1444,42.00392,-87.6701,921,trauma
1445,42.00892,-87.6701,983,trauma
1446,42.01392,-87.6701,998,trauma
1447,42.01892,-87.6701,1054,trauma
1448,41.67892,-87.6651,1402,trauma
1449,41.68392,-87.6651,1348,trauma
1450,41.68892,-87.6651,1316,trauma
1451,41.69392,-87.6651,1328,trauma
1452,41.69892,-87.6651,1412,trauma
1453,41.70392,-87.6651,1386,trauma
1454,41.70892,-87.6651,1382,trauma
1455,41.71392,-87.6651,1309,trauma
1456,41.71892,-87.6651,1385,trauma
1457,41.72392,-87.6651,1429,trauma
1458,41.72892,-87.6651,1454,trauma
1459,41.73392,-87.6651,1418,trauma
1460,41.73892,-87.6651,1450,trauma
1461,41.74392,-87.6651,1367,trauma
1462,41.74892,-87.6651,1365,trauma
1463,41.75392,-87.6651,1296,trauma
1464,41.75892,-87.6651,1276,trauma
1465,41.76392,-87.6651,1258,trauma
1466,41.76892,-87.6651,1237,trauma
1467,41.77392,-87.6651,1218,trauma
1468,41.77892,-87.6651,1097,trauma
1469,41.78392,-87.6651,1094,trauma
1470,41.78892,-87.6651,1061,trauma
1471,41.79392,-87.6651,949,trauma
1472,41.79892,-87.6651,1009,trauma
1473,41.80392,-87.6651,942,trauma
1474,41.80892,-87.6651,830,trauma
1475,41.81392,-87.6651,759,trauma
1476,41.81892,-87.6651,697,trauma
1477,41.82392,-87.6651,656,trauma
1478,41.82892,-87.6651,601,trauma
1479,41.83392,-87.6651,572,trauma
1480,41.83892,-87.6651,513,trauma
1481,41.84392,-87.6651,435,trauma
1482,41.84892,-87.6651,389,trauma
1483,41.85392,-87.6651,348,trauma
1484,41.85892,-87.6651,302,trauma
1485,41.86392,-87.6651,255,trauma
1486,41.86892,-87.6651,159,trauma
1487,41.87392,-87.6651,99,trauma
1488,41.87892,-87.6651,145,trauma
1489,41.88392,-87.6651,198,trauma
1490,41.88892,-87.6651,288,trauma
1491,41.89392,-87.6651,339,trauma
1492,41.89892,-87.6651,434,trauma
1493,41.90392,-87.6651,531,trauma
1494,41.90892,-87.6651,531,trauma
1495,41.91392,-87.6651,516,trauma
1496,41.91892,-87.6651,372,trauma
1497,41.92392,-87.6651,299,trauma
1498,41.92892,-87.6651,233,trauma
1499,41.93392,-87.6651,206,trauma
1500,41.93892,-87.6651,183,trauma
1501,41.94392,-87.6651,303,trauma
1502,41.94892,-87.6651,314,trauma
1503,41.95392,-87.6651,363,trauma
1504,41.95892,-87.6651,404,trauma
1505,41.96392,-87.6651,495,trauma
1506,41.96892,-87.6651,515,trauma
1507,41.97392,-87.6651,575,trauma
1508,41.97892,-87.6651,730,trauma
1509,41.98392,-87.6651,688,trauma
1510,41.98892,-87.6651,696,trauma
1511,41.99392,-87.6651,780,trauma
1512,41.99892,-87.6651,799,trauma
1513,42.00392,-87.6651,903,trauma
1514,42.00892,-87.6651,956,trauma
1515,42.01392,-87.6651,946,trauma
1516,42.01892,-87.6651,1015,trauma
1517,41.67392,-87.6601,1372,trauma
1518,41.67892,-87.6601,1335,trauma
1519,41.68392,-87.6601,1378,trauma
1520,41.68892,-87.6601,1293,trauma
1521,41.69392,-87.6601,1263,trauma
1522,41.69892,-87.6601,1404,trauma
1523,41.70392,-87.6601,1372,trauma
1524,41.70892,-87.6601,1340,trauma
1525,41.71392,-87.6601,1265,trauma
1526,41.71892,-87.6601,1401,trauma
1527,41.72392,-87.6601,1484,trauma
1528,41.72892,-87.6601,1422,trauma
1529,41.73392,-87.6601,1342,trauma
1530,41.73892,-87.6601,1355,trauma
1531,41.74392,-87.6601,1305,trauma
1532,41.74892,-87.6601,1291,trauma
1533,41.75392,-87.6601,1234,trauma
1534,41.75892,-87.6601,1237,trauma
1535,41.76392,-87.6601,1198,trauma
1536,41.76892,-87.6601,1194,trauma
1537,41.77392,-87.6601,1262,trauma
1538,41.77892,-87.6601,1228,trauma
1539,41.78392,-87.6601,1163,trauma
1540,41.78892,-87.6601,1113,trauma
1541,41.79392,-87.6601,992,trauma
1542,41.79892,-87.6601,998,trauma
1543,41.80392,-87.6601,980,trauma
1544,41.80892,-87.6601,876,trauma
1545,41.81392,-87.6601,809,trauma
1546,41.81892,-87.6601,765,trauma
1547,41.82392,-87.6601,730,trauma
1548,41.82892,-87.6601,669,trauma
1549,41.83392,-87.6601,711,trauma
1550,41.83892,-87.6601,574,trauma
1551,41.84392,-87.6601,499,trauma
1552,41.84892,-87.6601,433,trauma
1553,41.85392,-87.6601,404,trauma
1554,41.85892,-87.6601,368,trauma
1555,41.86392,-87.6601,314,trauma
1556,41.86892,-87.6601,231,trauma
1557,41.87392,-87.6601,186,trauma
1558,41.87892,-87.6601,198,trauma
1559,41.88392,-87.6601,234,trauma
1560,41.88892,-87.6601,286,trauma
1561,41.89392,-87.6601,365,trauma
1562,41.89892,-87.6601,357,trauma
1563,41.90392,-87.6601,554,trauma
1564,41.90892,-87.6601,477,trauma
1565,41.91392,-87.6601,506,trauma
1566,41.91892,-87.6601,359,trauma
1567,41.92392,-87.6601,278,trauma
1568,41.92892,-87.6601,182,trauma
1569,41.93392,-87.6601,146,trauma
1570,41.93892,-87.6601,146,trauma
1571,41.94392,-87.6601,242,trauma
1572,41.94892,-87.6601,279,trauma
1573,41.95392,-87.6601,380,trauma
1574,41.95892,-87.6601,496,trauma
1575,41.96392,-87.6601,466,trauma
1576,41.96892,-87.6601,475,trauma
1577,41.97392,-87.6601,532,trauma
1578,41.97892,-87.6601,596,trauma
1579,41.98392,-87.6601,654,trauma
1580,41.98892,-87.6601,631,trauma
1581,41.99392,-87.6601,684,trauma
1582,41.99892,-87.6601,866,trauma
1583,42.00392,-87.6601,847,trauma
1584,42.00892,-87.6601,911,trauma
1585,41.67392,-87.6551,1574,trauma
1586,41.67892,-87.6551,1399,trauma
1587,41.68392,-87.6551,1400,trauma
1588,41.68892,-87.6551,1349,trauma
1589,41.69392,-87.6551,1319,trauma
1590,41.69892,-87.6551,1296,trauma
1591,41.70392,-87.6551,1341,trauma
1592,41.70892,-87.6551,1257,trauma
1593,41.71392,-87.6551,1318,trauma
1594,41.71892,-87.6551,1326,trauma
1595,41.72392,-87.6551,1424,trauma
1596,41.72892,-87.6551,1395,trauma
1597,41.73392,-87.6551,1297,trauma
1598,41.73892,-87.6551,1318,trauma
1599,41.74392,-87.6551,1325,trauma
1600,41.74892,-87.6551,1246,trauma
1601,41.75392,-87.6551,1216,trauma
1602,41.75892,-87.6551,1231,trauma
1603,41.76392,-87.6551,1179,trauma
1604,41.76892,-87.6551,1135,trauma
1605,41.77392,-87.6551,1168,trauma
1606,41.77892,-87.6551,1062,trauma
1607,41.78392,-87.6551,1040,trauma
1608,41.78892,-87.6551,1022,trauma
1609,41.79392,-87.6551,933,trauma
1610,41.79892,-87.6551,990,trauma
1611,41.80392,-87.6551,938,trauma
1612,41.80892,-87.6551,891,trauma
1613,41.81392,-87.6551,849,trauma
1614,41.81892,-87.6551,796,trauma
1615,41.82392,-87.6551,732,trauma
1616,41.82892,-87.6551,777,trauma
1617,41.83392,-87.6551,714,trauma
1618,41.83892,-87.6551,564,trauma
1619,41.84392,-87.6551,565,trauma
1620,41.84892,-87.6551,496,trauma
1621,41.85392,-87.6551,465,trauma
1622,41.85892,-87.6551,396,trauma
1623,41.86392,-87.6551,303,trauma
1624,41.86892,-87.6551,257,trauma
1625,41.87392,-87.6551,201,trauma
1626,41.87892,-87.6551,257,trauma
1627,41.88392,-87.6551,297,trauma
1628,41.88892,-87.6551,315,trauma
1629,41.89392,-87.6551,951,trauma
1630,41.89892,-87.6551,418,trauma
1631,41.90392,-87.6551,493,trauma
1632,41.90892,-87.6551,611,trauma
1633,41.91392,-87.6551,370,trauma
1634,41.91892,-87.6551,295,trauma
1635,41.92392,-87.6551,213,trauma
1636,41.92892,-87.6551,134,trauma
1637,41.93392,-87.6551,94,trauma
1638,41.93892,-87.6551,81,trauma
1639,41.94392,-87.6551,164,trauma
1640,41.94892,-87.6551,221,trauma
1641,41.95392,-87.6551,270,trauma
1642,41.95892,-87.6551,335,trauma
1643,41.96392,-87.6551,401,trauma
1644,41.96892,-87.6551,479,trauma
1645,41.97392,-87.6551,542,trauma
1646,41.97892,-87.6551,534,trauma
1647,41.98392,-87.6551,516,trauma
1648,41.98892,-87.6551,569,trauma
1649,41.99392,-87.6551,628,trauma
1650,41.67392,-87.6501,1596,trauma
1651,41.67892,-87.6501,1446,trauma
1652,41.68392,-87.6501,1481,trauma
1653,41.68892,-87.6501,1428,trauma
1654,41.69392,-87.6501,1358,trauma
1655,41.69892,-87.6501,1360,trauma
1656,41.70392,-87.6501,1303,trauma
1657,41.70892,-87.6501,1265,trauma
1658,41.71392,-87.6501,1117,trauma
1659,41.71892,-87.6501,1294,trauma
1660,41.72392,-87.6501,1280,trauma
1661,41.72892,-87.6501,1297,trauma
1662,41.73392,-87.6501,1270,trauma
1663,41.73892,-87.6501,1317,trauma
1664,41.74392,-87.6501,1219,trauma
1665,41.74892,-87.6501,1200,trauma
1666,41.75392,-87.6501,1236,trauma
1667,41.75892,-87.6501,1161,trauma
1668,41.76392,-87.6501,1146,trauma
1669,41.76892,-87.6501,1092,trauma
1670,41.77392,-87.6501,1083,trauma
1671,41.77892,-87.6501,1014,trauma
1672,41.78392,-87.6501,1014,trauma
1673,41.78892,-87.6501,1009,trauma
1674,41.79392,-87.6501,896,trauma
1675,41.79892,-87.6501,958,trauma
1676,41.80392,-87.6501,919,trauma
1677,41.80892,-87.6501,834,trauma
1678,41.81392,-87.6501,882,trauma
1679,41.81892,-87.6501,830,trauma
1680,41.82392,-87.6501,775,trauma
1681,41.82892,-87.6501,809,trauma
1682,41.83392,-87.6501,702,trauma
1683,41.83892,-87.6501,627,trauma
1684,41.84392,-87.6501,667,trauma
1685,41.84892,-87.6501,599,trauma
1686,41.85392,-87.6501,522,trauma
1687,41.85892,-87.6501,417,trauma
1688,41.86392,-87.6501,380,trauma
1689,41.86892,-87.6501,328,trauma
1690,41.87392,-87.6501,303,trauma
1691,41.87892,-87.6501,311,trauma
1692,41.88392,-87.6501,320,trauma
1693,41.88892,-87.6501,361,trauma
1694,41.89392,-87.6501,426,trauma
1695,41.89892,-87.6501,406,trauma
1696,41.90392,-87.6501,468,trauma
1697,41.90892,-87.6501,471,trauma
1698,41.91392,-87.6501,372,trauma
1699,41.91892,-87.6501,308,trauma
1700,41.92392,-87.6501,229,trauma
1701,41.92892,-87.6501,144,trauma
1702,41.93392,-87.6501,97,trauma
1703,41.93892,-87.6501,123,trauma
1704,41.94392,-87.6501,186,trauma
1705,41.94892,-87.6501,232,trauma
1706,41.95392,-87.6501,285,trauma
1707,41.95892,-87.6501,371,trauma
1708,41.96392,-87.6501,445,trauma
1709,41.96892,-87.6501,518,trauma
1710,41.97392,-87.6501,446,trauma
1711,41.97892,-87.6501,567,trauma
1712,41.65892,-87.6451,1577,trauma
1713,41.67392,-87.6451,1506,trauma
1714,41.67892,-87.6451,1453,trauma
1715,41.68392,-87.6451,1488,trauma
1716,41.68892,-87.6451,1442,trauma
1717,41.69392,-87.6451,1410,trauma
1718,41.69892,-87.6451,1370,trauma
1719,41.70392,-87.6451,1280,trauma
1720,41.70892,-87.6451,1217,trauma
1721,41.71392,-87.6451,1135,trauma
1722,41.71892,-87.6451,1223,trauma
1723,41.72392,-87.6451,1299,trauma
1724,41.72892,-87.6451,1257,trauma
1725,41.73392,-87.6451,1194,trauma
1726,41.73892,-87.6451,1229,trauma
1727,41.74392,-87.6451,1205,trauma
1728,41.74892,-87.6451,1157,trauma
1729,41.75392,-87.6451,1133,trauma
1730,41.75892,-87.6451,1133,trauma
1731,41.76392,-87.6451,1090,trauma
1732,41.76892,-87.6451,1041,trauma
1733,41.77392,-87.6451,1025,trauma
1734,41.77892,-87.6451,975,trauma
1735,41.78392,-87.6451,961,trauma
1736,41.78892,-87.6451,913,trauma
1737,41.79392,-87.6451,856,trauma
1738,41.79892,-87.6451,883,trauma
1739,41.80392,-87.6451,846,trauma
1740,41.80892,-87.6451,795,trauma
1741,41.81392,-87.6451,798,trauma
1742,41.81892,-87.6451,868,trauma
1743,41.82392,-87.6451,750,trauma
1744,41.82892,-87.6451,722,trauma
1745,41.83392,-87.6451,719,trauma
1746,41.83892,-87.6451,696,trauma
1747,41.84392,-87.6451,679,trauma
1748,41.84892,-87.6451,624,trauma
1749,41.85392,-87.6451,672,trauma
1750,41.85892,-87.6451,408,trauma
1751,41.86392,-87.6451,422,trauma
1752,41.86892,-87.6451,460,trauma
1753,41.87392,-87.6451,433,trauma
1754,41.87892,-87.6451,392,trauma
1755,41.88392,-87.6451,262,trauma
1756,41.88892,-87.6451,388,trauma
1757,41.89392,-87.6451,390,trauma
1758,41.89892,-87.6451,433,trauma
1759,41.90392,-87.6451,409,trauma
1760,41.90892,-87.6451,486,trauma
1761,41.91392,-87.6451,393,trauma
1762,41.91892,-87.6451,353,trauma
1763,41.92392,-87.6451,291,trauma
1764,41.92892,-87.6451,178,trauma
1765,41.93392,-87.6451,97,trauma
1766,41.93892,-87.6451,136,trauma
1767,41.94392,-87.6451,212,trauma
1768,41.94892,-87.6451,265,trauma
1769,41.95392,-87.6451,333,trauma
1770,41.95892,-87.6451,484,trauma
1771,41.96392,-87.6451,432,trauma
1772,41.96892,-87.6451,467,trauma
1773,41.65892,-87.6401,1617,trauma
1774,41.66392,-87.6401,1554,trauma
1775,41.66892,-87.6401,1590,trauma
1776,41.67392,-87.6401,1506,trauma
1777,41.67892,-87.6401,1501,trauma
1778,41.68392,-87.6401,1473,trauma
1779,41.68892,-87.6401,1425,trauma
1780,41.69392,-87.6401,1401,trauma
1781,41.69892,-87.6401,1357,trauma
1782,41.70392,-87.6401,1280,trauma
1783,41.70892,-87.6401,1221,trauma
1784,41.71392,-87.6401,1225,trauma
1785,41.71892,-87.6401,1240,trauma
1786,41.72392,-87.6401,1292,trauma
1787,41.72892,-87.6401,1243,trauma
1788,41.73392,-87.6401,1203,trauma
1789,41.73892,-87.6401,1167,trauma
1790,41.74392,-87.6401,1133,trauma
1791,41.74892,-87.6401,1111,trauma
1792,41.75392,-87.6401,1077,trauma
1793,41.75892,-87.6401,1070,trauma
1794,41.76392,-87.6401,1060,trauma
1795,41.76892,-87.6401,998,trauma
1796,41.77392,-87.6401,1000,trauma
1797,41.77892,-87.6401,942,trauma
1798,41.78392,-87.6401,960,trauma
1799,41.78892,-87.6401,913,trauma
1800,41.79392,-87.6401,818,trauma
1801,41.79892,-87.6401,912,trauma
1802,41.80392,-87.6401,824,trauma
1803,41.80892,-87.6401,751,trauma
1804,41.81392,-87.6401,774,trauma
1805,41.81892,-87.6401,743,trauma
1806,41.82392,-87.6401,729,trauma
1807,41.82892,-87.6401,668,trauma
1808,41.83392,-87.6401,707,trauma
1809,41.83892,-87.6401,673,trauma
1810,41.84392,-87.6401,648,trauma
1811,41.84892,-87.6401,591,trauma
1812,41.85392,-87.6401,487,trauma
1813,41.85892,-87.6401,440,trauma
1814,41.86392,-87.6401,393,trauma
1815,41.86892,-87.6401,395,trauma
1816,41.87392,-87.6401,322,trauma
1817,41.87892,-87.6401,393,trauma
1818,41.88392,-87.6401,316,trauma
1819,41.88892,-87.6401,326,trauma
1820,41.89392,-87.6401,303,trauma
1821,41.89892,-87.6401,336,trauma
1822,41.90392,-87.6401,367,trauma
1823,41.90892,-87.6401,473,trauma
1824,41.91392,-87.6401,438,trauma
1825,41.91892,-87.6401,316,trauma
1826,41.92392,-87.6401,276,trauma
1827,41.92892,-87.6401,231,trauma
1828,41.93392,-87.6401,210,trauma
1829,41.93892,-87.6401,206,trauma
1830,41.94392,-87.6401,429,trauma
1831,41.94892,-87.6401,483,trauma
1832,41.96392,-87.6401,516,trauma
1833,41.65892,-87.6351,1662,trauma
1834,41.66392,-87.6351,1600,trauma
1835,41.66892,-87.6351,1671,trauma
1836,41.67392,-87.6351,1569,trauma
1837,41.67892,-87.6351,1556,trauma
1838,41.68392,-87.6351,1517,trauma
1839,41.68892,-87.6351,1478,trauma
1840,41.69392,-87.6351,1460,trauma
1841,41.69892,-87.6351,1368,trauma
1842,41.70392,-87.6351,1356,trauma
1843,41.70892,-87.6351,1281,trauma
1844,41.71392,-87.6351,1296,trauma
1845,41.71892,-87.6351,1243,trauma
1846,41.72392,-87.6351,1243,trauma
1847,41.72892,-87.6351,1202,trauma
1848,41.73392,-87.6351,1221,trauma
1849,41.73892,-87.6351,1163,trauma
1850,41.74392,-87.6351,1020,trauma
1851,41.74892,-87.6351,1046,trauma
1852,41.75392,-87.6351,1035,trauma
1853,41.75892,-87.6351,977,trauma
1854,41.76392,-87.6351,1008,trauma
1855,41.76892,-87.6351,958,trauma
1856,41.77392,-87.6351,939,trauma
1857,41.77892,-87.6351,888,trauma
1858,41.78392,-87.6351,903,trauma
1859,41.78892,-87.6351,856,trauma
1860,41.79392,-87.6351,782,trauma
1861,41.79892,-87.6351,815,trauma
1862,41.80392,-87.6351,765,trauma
1863,41.80892,-87.6351,717,trauma
1864,41.81392,-87.6351,734,trauma
1865,41.81892,-87.6351,702,trauma
1866,41.82392,-87.6351,758,trauma
1867,41.82892,-87.6351,767,trauma
1868,41.83392,-87.6351,641,trauma
1869,41.83892,-87.6351,628,trauma
1870,41.84392,-87.6351,670,trauma
1871,41.84892,-87.6351,595,trauma
1872,41.85392,-87.6351,663,trauma
1873,41.85892,-87.6351,536,trauma
1874,41.86392,-87.6351,487,trauma
1875,41.86892,-87.6351,356,trauma
1876,41.87392,-87.6351,348,trauma
1877,41.87892,-87.6351,323,trauma
1878,41.88392,-87.6351,281,trauma
1879,41.88892,-87.6351,292,trauma
1880,41.89392,-87.6351,202,trauma
1881,41.89892,-87.6351,303,trauma
1882,41.90392,-87.6351,314,trauma
1883,41.90892,-87.6351,368,trauma
1884,41.91392,-87.6351,368,trauma
1885,41.91892,-87.6351,373,trauma
1886,41.92392,-87.6351,317,trauma
1887,41.92892,-87.6351,262,trauma
1888,41.93392,-87.6351,268,trauma
1889,41.93892,-87.6351,301,trauma
1890,41.94392,-87.6351,540,trauma
1891,41.96392,-87.6351,571,trauma
1892,41.65892,-87.6301,1682,trauma
1893,41.66392,-87.6301,1624,trauma
1894,41.66892,-87.6301,1691,trauma
1895,41.67392,-87.6301,1632,trauma
1896,41.67892,-87.6301,1580,trauma
1897,41.68392,-87.6301,1506,trauma
1898,41.68892,-87.6301,1452,trauma
1899,41.69392,-87.6301,1444,trauma
1900,41.69892,-87.6301,1356,trauma
1901,41.70392,-87.6301,1299,trauma
1902,41.70892,-87.6301,1263,trauma
1903,41.71392,-87.6301,1222,trauma
1904,41.71892,-87.6301,1193,trauma
1905,41.72392,-87.6301,1178,trauma
1906,41.72892,-87.6301,1108,trauma
1907,41.73392,-87.6301,1122,trauma
1908,41.73892,-87.6301,1094,trauma
1909,41.74392,-87.6301,981,trauma
1910,41.74892,-87.6301,1028,trauma
1911,41.75392,-87.6301,1037,trauma
1912,41.75892,-87.6301,921,trauma
1913,41.76392,-87.6301,948,trauma
1914,41.76892,-87.6301,970,trauma
1915,41.77392,-87.6301,856,trauma
1916,41.77892,-87.6301,808,trauma
1917,41.78392,-87.6301,825,trauma
1918,41.78892,-87.6301,784,trauma
1919,41.79392,-87.6301,737,trauma
1920,41.79892,-87.6301,751,trauma
1921,41.80392,-87.6301,713,trauma
1922,41.80892,-87.6301,746,trauma
1923,41.81392,-87.6301,610,trauma
1924,41.81892,-87.6301,590,trauma
1925,41.82392,-87.6301,583,trauma
1926,41.82892,-87.6301,562,trauma
1927,41.83392,-87.6301,539,trauma
1928,41.83892,-87.6301,521,trauma
1929,41.84392,-87.6301,658,trauma
1930,41.84892,-87.6301,613,trauma
1931,41.85392,-87.6301,536,trauma
1932,41.85892,-87.6301,484,trauma
1933,41.86392,-87.6301,425,trauma
1934,41.86892,-87.6301,479,trauma
1935,41.87392,-87.6301,386,trauma
1936,41.87892,-87.6301,315,trauma
1937,41.88392,-87.6301,225,trauma
1938,41.88892,-87.6301,201,trauma
1939,41.89392,-87.6301,127,trauma
1940,41.89892,-87.6301,229,trauma
1941,41.90392,-87.6301,246,trauma
1942,41.90892,-87.6301,289,trauma
1943,41.91392,-87.6301,343,trauma
1944,41.91892,-87.6301,340,trauma
1945,41.92392,-87.6301,349,trauma
1946,41.66392,-87.6251,1685,trauma
1947,41.66892,-87.6251,1657,trauma
1948,41.67392,-87.6251,1643,trauma
1949,41.67892,-87.6251,1550,trauma
1950,41.68392,-87.6251,1477,trauma
1951,41.68892,-87.6251,1436,trauma
1952,41.69392,-87.6251,1408,trauma
1953,41.69892,-87.6251,1371,trauma
1954,41.70392,-87.6251,1265,trauma
1955,41.70892,-87.6251,1212,trauma
1956,41.71392,-87.6251,1152,trauma
1957,41.71892,-87.6251,1196,trauma
1958,41.72392,-87.6251,1078,trauma
1959,41.72892,-87.6251,1047,trauma
1960,41.73392,-87.6251,1135,trauma
1961,41.73892,-87.6251,1152,trauma
1962,41.74392,-87.6251,1032,trauma
1963,41.74892,-87.6251,887,trauma
1964,41.75392,-87.6251,864,trauma
1965,41.75892,-87.6251,849,trauma
1966,41.76392,-87.6251,898,trauma
1967,41.76892,-87.6251,983,trauma
1968,41.77392,-87.6251,997,trauma
1969,41.77892,-87.6251,931,trauma
1970,41.78392,-87.6251,935,trauma
1971,41.78892,-87.6251,866,trauma
1972,41.79392,-87.6251,789,trauma
1973,41.79892,-87.6251,794,trauma
1974,41.80392,-87.6251,746,trauma
1975,41.80892,-87.6251,705,trauma
1976,41.81392,-87.6251,715,trauma
1977,41.81892,-87.6251,710,trauma
1978,41.82392,-87.6251,645,trauma
1979,41.82892,-87.6251,674,trauma
1980,41.83392,-87.6251,639,trauma
1981,41.83892,-87.6251,609,trauma
1982,41.84392,-87.6251,661,trauma
1983,41.84892,-87.6251,649,trauma
1984,41.85392,-87.6251,585,trauma
1985,41.85892,-87.6251,532,trauma
1986,41.86392,-87.6251,473,trauma
1987,41.86892,-87.6251,396,trauma
1988,41.87392,-87.6251,353,trauma
1989,41.87892,-87.6251,264,trauma
1990,41.88392,-87.6251,272,trauma
1991,41.88892,-87.6251,167,trauma
1992,41.89392,-87.6251,47,trauma
1993,41.89892,-87.6251,135,trauma
1994,41.90392,-87.6251,179,trauma
1995,41.90892,-87.6251,318,trauma
1996,41.91392,-87.6251,322,trauma
1997,41.66392,-87.6201,1594,trauma
1998,41.66892,-87.6201,1577,trauma
1999,41.67392,-87.6201,1499,trauma
2000,41.67892,-87.6201,1535,trauma
2001,41.68392,-87.6201,1429,trauma
2002,41.68892,-87.6201,1372,trauma
2003,41.69392,-87.6201,1327,trauma
2004,41.69892,-87.6201,1278,trauma
2005,41.70392,-87.6201,1208,trauma
2006,41.70892,-87.6201,1157,trauma
2007,41.71392,-87.6201,1053,trauma
2008,41.71892,-87.6201,1162,trauma
2009,41.72392,-87.6201,1128,trauma
2010,41.72892,-87.6201,1094,trauma
2011,41.73392,-87.6201,1054,trauma
2012,41.73892,-87.6201,1044,trauma
2013,41.74392,-87.6201,964,trauma
2014,41.74892,-87.6201,954,trauma
2015,41.75392,-87.6201,1009,trauma
2016,41.75892,-87.6201,910,trauma
2017,41.76392,-87.6201,990,trauma
2018,41.76892,-87.6201,973,trauma
2019,41.77392,-87.6201,995,trauma
2020,41.77892,-87.6201,873,trauma
2021,41.78392,-87.6201,954,trauma
2022,41.78892,-87.6201,903,trauma
2023,41.79392,-87.6201,859,trauma
2024,41.79892,-87.6201,890,trauma
2025,41.80392,-87.6201,836,trauma
2026,41.80892,-87.6201,759,trauma
2027,41.81392,-87.6201,762,trauma
2028,41.81892,-87.6201,759,trauma
2029,41.82392,-87.6201,696,trauma
2030,41.82892,-87.6201,723,trauma
2031,41.83392,-87.6201,708,trauma
2032,41.83892,-87.6201,623,trauma
2033,41.84392,-87.6201,626,trauma
2034,41.84892,-87.6201,671,trauma
2035,41.85392,-87.6201,621,trauma
2036,41.85892,-87.6201,568,trauma
2037,41.86392,-87.6201,500,trauma
2038,41.86892,-87.6201,350,trauma
2039,41.87392,-87.6201,299,trauma
2040,41.87892,-87.6201,237,trauma
2041,41.88392,-87.6201,167,trauma
2042,41.88892,-87.6201,109,trauma
2043,41.89392,-87.6201,42,trauma
2044,41.89892,-87.6201,168,trauma
2045,41.64892,-87.6151,1705,trauma
2046,41.65392,-87.6151,1667,trauma
2047,41.65892,-87.6151,1590,trauma
2048,41.66392,-87.6151,1653,trauma
2049,41.66892,-87.6151,1597,trauma
2050,41.67392,-87.6151,1598,trauma
2051,41.67892,-87.6151,1562,trauma
2052,41.68392,-87.6151,1427,trauma
2053,41.68892,-87.6151,1409,trauma
2054,41.69392,-87.6151,1381,trauma
2055,41.69892,-87.6151,1319,trauma
2056,41.70392,-87.6151,1263,trauma
2057,41.70892,-87.6151,1190,trauma
2058,41.71392,-87.6151,1150,trauma
2059,41.71892,-87.6151,1223,trauma
2060,41.72392,-87.6151,1170,trauma
2061,41.72892,-87.6151,1161,trauma
2062,41.73392,-87.6151,1124,trauma
2063,41.73892,-87.6151,1071,trauma
2064,41.74392,-87.6151,1003,trauma
2065,41.74892,-87.6151,1004,trauma
2066,41.75392,-87.6151,989,trauma
2067,41.75892,-87.6151,951,trauma
2068,41.76392,-87.6151,1061,trauma
2069,41.76892,-87.6151,1004,trauma
2070,41.77392,-87.6151,988,trauma
2071,41.77892,-87.6151,938,trauma
2072,41.78392,-87.6151,978,trauma
2073,41.78892,-87.6151,960,trauma
2074,41.79392,-87.6151,1024,trauma
2075,41.79892,-87.6151,904,trauma
2076,41.80392,-87.6151,878,trauma
2077,41.80892,-87.6151,843,trauma
2078,41.81392,-87.6151,826,trauma
2079,41.81892,-87.6151,831,trauma
2080,41.82392,-87.6151,743,trauma
2081,41.82892,-87.6151,814,trauma
2082,41.83392,-87.6151,739,trauma
2083,41.83892,-87.6151,650,trauma
2084,41.84392,-87.6151,637,trauma
2085,41.84892,-87.6151,532,trauma
2086,41.85392,-87.6151,569,trauma
2087,41.85892,-87.6151,529,trauma
2088,41.86392,-87.6151,526,trauma
2089,41.87892,-87.6151,266,trauma
2090,41.88392,-87.6151,270,trauma
2091,41.88892,-87.6151,170,trauma
2092,41.89392,-87.6151,100,trauma
2093,41.64892,-87.6101,1833,trauma
2094,41.65392,-87.6101,1617,trauma
2095,41.65892,-87.6101,1532,trauma
2096,41.66392,-87.6101,1636,trauma
2097,41.66892,-87.6101,1669,trauma
2098,41.67392,-87.6101,1509,trauma
2099,41.67892,-87.6101,1472,trauma
2100,41.68392,-87.6101,1405,trauma
2101,41.68892,-87.6101,1420,trauma
2102,41.69392,-87.6101,1364,trauma
2103,41.69892,-87.6101,1353,trauma
2104,41.70392,-87.6101,1317,trauma
2105,41.70892,-87.6101,1268,trauma
2106,41.71392,-87.6101,1180,trauma
2107,41.71892,-87.6101,1253,trauma
2108,41.72392,-87.6101,1200,trauma
2109,41.72892,-87.6101,1205,trauma
2110,41.73392,-87.6101,1161,trauma
2111,41.73892,-87.6101,1142,trauma
2112,41.74392,-87.6101,1047,trauma
2113,41.74892,-87.6101,1088,trauma
2114,41.75392,-87.6101,1051,trauma
2115,41.75892,-87.6101,1105,trauma
2116,41.76392,-87.6101,1106,trauma
2117,41.76892,-87.6101,1102,trauma
2118,41.77392,-87.6101,1049,trauma
2119,41.77892,-87.6101,1019,trauma
2120,41.78392,-87.6101,1029,trauma
2121,41.78892,-87.6101,974,trauma
2122,41.79392,-87.6101,917,trauma
2123,41.79892,-87.6101,996,trauma
2124,41.80392,-87.6101,963,trauma
2125,41.80892,-87.6101,930,trauma
2126,41.81392,-87.6101,896,trauma
2127,41.81892,-87.6101,843,trauma
2128,41.82392,-87.6101,780,trauma
2129,41.82892,-87.6101,763,trauma
2130,41.83392,-87.6101,798,trauma
2131,41.83892,-87.6101,603,trauma
2132,41.84392,-87.6101,672,trauma
2133,41.84892,-87.6101,621,trauma
2134,41.85392,-87.6101,655,trauma
2135,41.85892,-87.6101,685,trauma
2136,41.86392,-87.6101,639,trauma
2137,41.86892,-87.6101,532,trauma
2138,41.87892,-87.6101,295,trauma
2139,41.89392,-87.6101,220,trauma
2140,41.64892,-87.6051,1689,trauma
2141,41.65392,-87.6051,1598,trauma
2142,41.65892,-87.6051,1507,trauma
2143,41.66392,-87.6051,1578,trauma
2144,41.66892,-87.6051,1572,trauma
2145,41.67392,-87.6051,1405,trauma
2146,41.67892,-87.6051,1435,trauma
2147,41.68392,-87.6051,1398,trauma
2148,41.68892,-87.6051,1379,trauma
2149,41.69392,-87.6051,1346,trauma
2150,41.69892,-87.6051,1439,trauma
2151,41.70392,-87.6051,1329,trauma
2152,41.70892,-87.6051,1230,trauma
2153,41.71392,-87.6051,1203,trauma
2154,41.71892,-87.6051,1269,trauma
2155,41.72392,-87.6051,1241,trauma
2156,41.72892,-87.6051,1260,trauma
2157,41.73392,-87.6051,1194,trauma
2158,41.73892,-87.6051,1169,trauma
2159,41.74392,-87.6051,1164,trauma
2160,41.74892,-87.6051,1119,trauma
2161,41.75392,-87.6051,1068,trauma
2162,41.75892,-87.6051,1019,trauma
2163,41.76392,-87.6051,902,trauma
2164,41.76892,-87.6051,1279,trauma
2165,41.77392,-87.6051,1148,trauma
2166,41.77892,-87.6051,1046,trauma
2167,41.78392,-87.6051,1060,trauma
2168,41.78892,-87.6051,1034,trauma
2169,41.79392,-87.6051,1110,trauma
2170,41.79892,-87.6051,1018,trauma
2171,41.80392,-87.6051,1002,trauma
2172,41.80892,-87.6051,911,trauma
2173,41.81392,-87.6051,846,trauma
2174,41.81892,-87.6051,793,trauma
2175,41.82392,-87.6051,682,trauma
2176,41.82892,-87.6051,825,trauma
2177,41.83392,-87.6051,665,trauma
2178,41.83892,-87.6051,611,trauma
2179,41.84392,-87.6051,636,trauma
2180,41.84892,-87.6051,623,trauma
2181,41.85392,-87.6051,644,trauma
2182,41.85892,-87.6051,703,trauma
2183,41.86392,-87.6051,593,trauma
2184,41.89392,-87.6051,259,trauma
2185,41.64892,-87.6001,1718,trauma
2186,41.65392,-87.6001,1586,trauma
2187,41.65892,-87.6001,1512,trauma
2188,41.66392,-87.6001,1546,trauma
2189,41.66892,-87.6001,1397,trauma
2190,41.67392,-87.6001,1371,trauma
2191,41.67892,-87.6001,1343,trauma
2192,41.68392,-87.6001,1310,trauma
2193,41.68892,-87.6001,1315,trauma
2194,41.69392,-87.6001,1338,trauma
2195,41.69892,-87.6001,1448,trauma
2196,41.70392,-87.6001,1350,trauma
2197,41.70892,-87.6001,1301,trauma
2198,41.71392,-87.6001,1125,trauma
2199,41.71892,-87.6001,1331,trauma
2200,41.72392,-87.6001,1282,trauma
2201,41.72892,-87.6001,1262,trauma
2202,41.73392,-87.6001,1286,trauma
2203,41.73892,-87.6001,1274,trauma
2204,41.74392,-87.6001,1240,trauma
2205,41.74892,-87.6001,1232,trauma
2206,41.75392,-87.6001,1157,trauma
2207,41.75892,-87.6001,1052,trauma
2208,41.76392,-87.6001,1153,trauma
2209,41.76892,-87.6001,1240,trauma
2210,41.77392,-87.6001,1183,trauma
2211,41.77892,-87.6001,1105,trauma
2212,41.78392,-87.6001,1114,trauma
2213,41.78892,-87.6001,1084,trauma
2214,41.79392,-87.6001,1091,trauma
2215,41.79892,-87.6001,1014,trauma
2216,41.80392,-87.6001,905,trauma
2217,41.80892,-87.6001,818,trauma
2218,41.81392,-87.6001,843,trauma
2219,41.81892,-87.6001,741,trauma
2220,41.82392,-87.6001,976,trauma
2221,41.82892,-87.6001,619,trauma
2222,41.83392,-87.6001,665,trauma
2223,41.83892,-87.6001,626,trauma
2224,41.64892,-87.5951,1584,trauma
2225,41.65392,-87.5951,1551,trauma
2226,41.65892,-87.5951,1503,trauma
2227,41.66392,-87.5951,1424,trauma
2228,41.66892,-87.5951,1404,trauma
2229,41.67392,-87.5951,1448,trauma
2230,41.67892,-87.5951,1427,trauma
2231,41.68392,-87.5951,1304,trauma
2232,41.68892,-87.5951,1380,trauma
2233,41.69392,-87.5951,1254,trauma
2234,41.69892,-87.5951,1352,trauma
2235,41.70392,-87.5951,1341,trauma
2236,41.70892,-87.5951,1329,trauma
2237,41.71392,-87.5951,1145,trauma
2238,41.71892,-87.5951,1332,trauma
2239,41.72392,-87.5951,1304,trauma
2240,41.72892,-87.5951,1331,trauma
2241,41.73392,-87.5951,1273,trauma
2242,41.73892,-87.5951,1296,trauma
2243,41.74392,-87.5951,1181,trauma
2244,41.74892,-87.5951,1288,trauma
2245,41.75392,-87.5951,1181,trauma
2246,41.75892,-87.5951,1095,trauma
2247,41.76392,-87.5951,1187,trauma
2248,41.76892,-87.5951,1184,trauma
2249,41.77392,-87.5951,1164,trauma
2250,41.77892,-87.5951,1151,trauma
2251,41.78392,-87.5951,1136,trauma
2252,41.78892,-87.5951,1150,trauma
2253,41.79392,-87.5951,1099,trauma
2254,41.79892,-87.5951,956,trauma
2255,41.80392,-87.5951,884,trauma
2256,41.80892,-87.5951,841,trauma
2257,41.81392,-87.5951,821,trauma
2258,41.81892,-87.5951,663,trauma
2259,41.82392,-87.5951,698,trauma
2260,41.82892,-87.5951,675,trauma
2261,41.83392,-87.5951,665,trauma
2262,41.64892,-87.5901,1653,trauma
2263,41.65392,-87.5901,1602,trauma
2264,41.65892,-87.5901,1448,trauma
2265,41.66392,-87.5901,1439,trauma
2266,41.66892,-87.5901,1494,trauma
2267,41.67392,-87.5901,1484,trauma
2268,41.67892,-87.5901,1462,trauma
2269,41.68392,-87.5901,1303,trauma
2270,41.68892,-87.5901,1364,trauma
2271,41.69392,-87.5901,1377,trauma
2272,41.69892,-87.5901,1304,trauma
2273,41.70392,-87.5901,1289,trauma
2274,41.70892,-87.5901,1363,trauma
2275,41.71392,-87.5901,1406,trauma
2276,41.71892,-87.5901,1382,trauma
2277,41.72392,-87.5901,1329,trauma
2278,41.72892,-87.5901,1416,trauma
2279,41.73392,-87.5901,1359,trauma
2280,41.73892,-87.5901,1301,trauma
2281,41.74392,-87.5901,1216,trauma
2282,41.74892,-87.5901,1320,trauma
2283,41.75392,-87.5901,1176,trauma
2284,41.75892,-87.5901,1135,trauma
2285,41.76392,-87.5901,1237,trauma
2286,41.76892,-87.5901,1236,trauma
2287,41.77392,-87.5901,1140,trauma
2288,41.77892,-87.5901,1103,trauma
2289,41.78392,-87.5901,1120,trauma
2290,41.78892,-87.5901,1028,trauma
2291,41.79392,-87.5901,968,trauma
2292,41.79892,-87.5901,940,trauma
2293,41.80392,-87.5901,913,trauma
2294,41.80892,-87.5901,747,trauma
2295,41.81392,-87.5901,694,trauma
2296,41.81892,-87.5901,670,trauma
2297,41.82392,-87.5901,697,trauma
2298,41.64892,-87.5851,1556,trauma
2299,41.65392,-87.5851,1543,trauma
2300,41.65892,-87.5851,1473,trauma
2301,41.66392,-87.5851,1539,trauma
2302,41.66892,-87.5851,1717,trauma
2303,41.67392,-87.5851,1490,trauma
2304,41.67892,-87.5851,1631,trauma
2305,41.68392,-87.5851,1468,trauma
2306,41.68892,-87.5851,1369,trauma
2307,41.69392,-87.5851,1367,trauma
2308,41.69892,-87.5851,1360,trauma
2309,41.70392,-87.5851,1327,trauma
2310,41.70892,-87.5851,1364,trauma
2311,41.71392,-87.5851,1190,trauma
2312,41.71892,-87.5851,1215,trauma
2313,41.72392,-87.5851,1264,trauma
2314,41.72892,-87.5851,1343,trauma
2315,41.73392,-87.5851,1333,trauma
2316,41.73892,-87.5851,1315,trauma
2317,41.74392,-87.5851,1271,trauma
2318,41.74892,-87.5851,1230,trauma
2319,41.75392,-87.5851,1223,trauma
2320,41.75892,-87.5851,1182,trauma
2321,41.76392,-87.5851,1167,trauma
2322,41.76892,-87.5851,1156,trauma
2323,41.77392,-87.5851,1034,trauma
2324,41.77892,-87.5851,1094,trauma
2325,41.78392,-87.5851,1008,trauma
2326,41.78892,-87.5851,947,trauma
2327,41.79392,-87.5851,964,trauma
2328,41.79892,-87.5851,899,trauma
2329,41.80392,-87.5851,854,trauma
2330,41.81392,-87.5851,703,trauma
2331,41.81892,-87.5851,690,trauma
2332,41.64892,-87.5801,1511,trauma
2333,41.65392,-87.5801,1566,trauma
2334,41.65892,-87.5801,1852,trauma
2335,41.66392,-87.5801,1548,trauma
2336,41.66892,-87.5801,1677,trauma
2337,41.67392,-87.5801,1628,trauma
2338,41.67892,-87.5801,1506,trauma
2339,41.68392,-87.5801,1470,trauma
2340,41.68892,-87.5801,1442,trauma
2341,41.69392,-87.5801,1411,trauma
2342,41.69892,-87.5801,1370,trauma
2343,41.70392,-87.5801,1339,trauma
2344,41.70892,-87.5801,1287,trauma
2345,41.71392,-87.5801,1378,trauma
2346,41.71892,-87.5801,1426,trauma
2347,41.72392,-87.5801,1402,trauma
2348,41.72892,-87.5801,1438,trauma
2349,41.73392,-87.5801,1416,trauma
2350,41.73892,-87.5801,1406,trauma
2351,41.74392,-87.5801,1296,trauma
2352,41.74892,-87.5801,1347,trauma
2353,41.75392,-87.5801,1313,trauma
2354,41.75892,-87.5801,1174,trauma
2355,41.76392,-87.5801,1181,trauma
2356,41.76892,-87.5801,1115,trauma
2357,41.77392,-87.5801,1005,trauma
2358,41.77892,-87.5801,954,trauma
2359,41.78392,-87.5801,936,trauma
2360,41.78892,-87.5801,942,trauma
2361,41.79392,-87.5801,1013,trauma
2362,41.64892,-87.5751,1504,trauma
2363,41.65392,-87.5751,1611,trauma
2364,41.65892,-87.5751,1472,trauma
2365,41.66392,-87.5751,1670,trauma
2366,41.66892,-87.5751,1620,trauma
2367,41.67392,-87.5751,1541,trauma
2368,41.67892,-87.5751,1506,trauma
2369,41.68392,-87.5751,1508,trauma
2370,41.68892,-87.5751,1442,trauma
2371,41.69392,-87.5751,1411,trauma
2372,41.69892,-87.5751,1381,trauma
2373,41.70392,-87.5751,1355,trauma
2374,41.70892,-87.5751,1292,trauma
2375,41.71392,-87.5751,1528,trauma
2376,41.71892,-87.5751,1355,trauma
2377,41.72392,-87.5751,1336,trauma
2378,41.72892,-87.5751,1367,trauma
2379,41.73392,-87.5751,1419,trauma
2380,41.73892,-87.5751,1385,trauma
2381,41.74392,-87.5751,1391,trauma
2382,41.74892,-87.5751,1306,trauma
2383,41.75392,-87.5751,1225,trauma
2384,41.75892,-87.5751,1148,trauma
2385,41.76392,-87.5751,1095,trauma
2386,41.76892,-87.5751,1082,trauma
2387,41.77392,-87.5751,986,trauma
2388,41.77892,-87.5751,914,trauma
2389,41.64892,-87.5701,1602,trauma
2390,41.65392,-87.5701,1579,trauma
2391,41.65892,-87.5701,1499,trauma
2392,41.66392,-87.5701,1872,trauma
2393,41.66892,-87.5701,1710,trauma
2394,41.67392,-87.5701,1580,trauma
2395,41.67892,-87.5701,1629,trauma
2396,41.68392,-87.5701,1580,trauma
2397,41.68892,-87.5701,1548,trauma
2398,41.69392,-87.5701,1441,trauma
2399,41.69892,-87.5701,1418,trauma
2400,41.70392,-87.5701,1379,trauma
2401,41.70892,-87.5701,1316,trauma
2402,41.71392,-87.5701,1488,trauma
2403,41.71892,-87.5701,1391,trauma
2404,41.72392,-87.5701,1359,trauma
2405,41.72892,-87.5701,1362,trauma
2406,41.73392,-87.5701,1395,trauma
2407,41.73892,-87.5701,1373,trauma
2408,41.74392,-87.5701,1369,trauma
2409,41.74892,-87.5701,1333,trauma
2410,41.75392,-87.5701,1273,trauma
2411,41.75892,-87.5701,1186,trauma
2412,41.76392,-87.5701,1173,trauma
2413,41.76892,-87.5701,1157,trauma
2414,41.77392,-87.5701,1039,trauma
2415,41.64892,-87.5651,1832,trauma
2416,41.65392,-87.5651,1843,trauma
2417,41.65892,-87.5651,1531,trauma
2418,41.66392,-87.5651,1690,trauma
2419,41.66892,-87.5651,1936,trauma
2420,41.67392,-87.5651,1606,trauma
2421,41.67892,-87.5651,1615,trauma
2422,41.68392,-87.5651,1672,trauma
2423,41.68892,-87.5651,1574,trauma
2424,41.69392,-87.5651,1590,trauma
2425,41.69892,-87.5651,1497,trauma
2426,41.70392,-87.5651,1467,trauma
2427,41.70892,-87.5651,1362,trauma
2428,41.71392,-87.5651,1414,trauma
2429,41.71892,-87.5651,1365,trauma
2430,41.72392,-87.5651,1319,trauma
2431,41.72892,-87.5651,1268,trauma
2432,41.73392,-87.5651,1270,trauma
2433,41.73892,-87.5651,1351,trauma
2434,41.74392,-87.5651,1391,trauma
2435,41.74892,-87.5651,1299,trauma
2436,41.75392,-87.5651,1263,trauma
2437,41.75892,-87.5651,1217,trauma
2438,41.76392,-87.5651,1185,trauma
2439,41.76892,-87.5651,1042,trauma
2440,41.64892,-87.5601,1807,trauma
2441,41.65392,-87.5601,1795,trauma
2442,41.65892,-87.5601,1570,trauma
2443,41.66392,-87.5601,1615,trauma
2444,41.66892,-87.5601,1655,trauma
2445,41.67392,-87.5601,1633,trauma
2446,41.67892,-87.5601,1631,trauma
2447,41.68392,-87.5601,1603,trauma
2448,41.68892,-87.5601,1574,trauma
2449,41.69392,-87.5601,1542,trauma
2450,41.69892,-87.5601,1549,trauma
2451,41.70392,-87.5601,1462,trauma
2452,41.70892,-87.5601,1406,trauma
2453,41.71392,-87.5601,1359,trauma
2454,41.71892,-87.5601,1349,trauma
2455,41.72392,-87.5601,1264,trauma
2456,41.72892,-87.5601,1263,trauma
2457,41.73392,-87.5601,1294,trauma
2458,41.73892,-87.5601,1427,trauma
2459,41.74392,-87.5601,1445,trauma
2460,41.74892,-87.5601,1367,trauma
2461,41.75392,-87.5601,1342,trauma
2462,41.75892,-87.5601,1286,trauma
2463,41.76392,-87.5601,1127,trauma
2464,41.64892,-87.5551,1760,trauma
2465,41.65392,-87.5501,1696,trauma
2466,41.65892,-87.5501,1678,trauma
2467,41.66392,-87.5501,1743,trauma
2468,41.66892,-87.5501,1735,trauma
2469,41.67392,-87.5501,1784,trauma
2470,41.67892,-87.5501,1818,trauma
2471,41.68392,-87.5501,1731,trauma
2472,41.68892,-87.5501,1668,trauma
2473,41.69392,-87.5501,1648,trauma
2474,41.69892,-87.5501,1586,trauma
2475,41.70392,-87.5501,1547,trauma
2476,41.70892,-87.5501,1447,trauma
2477,41.71392,-87.5501,1386,trauma
2478,41.71892,-87.5501,1346,trauma
2479,41.72392,-87.5501,1521,trauma
2480,41.72892,-87.5501,1242,trauma
2481,41.73392,-87.5501,1318,trauma
2482,41.73892,-87.5501,1385,trauma
2483,41.74392,-87.5501,1432,trauma
2484,41.74892,-87.5501,1357,trauma
2485,41.75392,-87.5501,1245,trauma
2486,41.75892,-87.5501,1434,trauma
2487,41.64892,-87.5451,1791,trauma
2488,41.65392,-87.5451,1777,trauma
2489,41.65892,-87.5451,1737,trauma
2490,41.66392,-87.5451,1841,trauma
2491,41.66892,-87.5451,1730,trauma
2492,41.67392,-87.5451,1871,trauma
2493,41.67892,-87.5451,1818,trauma
2494,41.68392,-87.5451,1731,trauma
2495,41.68892,-87.5451,1686,trauma
2496,41.69392,-87.5451,1648,trauma
2497,41.69892,-87.5451,1599,trauma
2498,41.70392,-87.5451,1515,trauma
2499,41.70892,-87.5451,1595,trauma
2500,41.71392,-87.5451,1418,trauma
2501,41.71892,-87.5451,1494,trauma
2502,41.72392,-87.5451,1277,trauma
2503,41.72892,-87.5451,1317,trauma
2504,41.73392,-87.5451,1382,trauma
2505,41.73892,-87.5451,1404,trauma
2506,41.74392,-87.5451,1440,trauma
2507,41.74892,-87.5451,1387,trauma
2508,41.75392,-87.5451,1350,trauma
2509,41.75892,-87.5451,1474,trauma
2510,41.64892,-87.5401,1826,trauma
2511,41.65392,-87.5401,1815,trauma
2512,41.65892,-87.5401,1851,trauma
2513,41.66392,-87.5401,1886,trauma
2514,41.66892,-87.5401,1861,trauma
2515,41.67392,-87.5401,1828,trauma
2516,41.67892,-87.5401,1796,trauma
2517,41.68392,-87.5401,1664,trauma
2518,41.68892,-87.5401,1613,trauma
2519,41.69392,-87.5401,1563,trauma
2520,41.69892,-87.5401,1513,trauma
2521,41.70392,-87.5401,1517,trauma
2522,41.70892,-87.5401,1549,trauma
2523,41.71392,-87.5401,1446,trauma
2524,41.71892,-87.5401,1447,trauma
2525,41.72392,-87.5401,1319,trauma
2526,41.72892,-87.5401,1428,trauma
2527,41.73392,-87.5401,1400,trauma
2528,41.73892,-87.5401,1369,trauma
2529,41.74392,-87.5401,1341,trauma
2530,41.74892,-87.5401,1313,trauma
2531,41.75392,-87.5401,1417,trauma
2532,41.64892,-87.5351,1904,trauma
2533,41.65392,-87.5351,1869,trauma
2534,41.65892,-87.5351,1941,trauma
2535,41.66392,-87.5351,1866,trauma
2536,41.66892,-87.5351,1833,trauma
2537,41.67392,-87.5351,1899,trauma
2538,41.67892,-87.5351,1794,trauma
2539,41.68392,-87.5351,1744,trauma
2540,41.68892,-87.5351,1583,trauma
2541,41.69392,-87.5351,1514,trauma
2542,41.69892,-87.5351,1463,trauma
2543,41.70392,-87.5351,1440,trauma
2544,41.70892,-87.5351,1502,trauma
2545,41.71392,-87.5351,1450,trauma
2546,41.71892,-87.5351,1394,trauma
2547,41.72392,-87.5351,1394,trauma
2548,41.72892,-87.5351,1437,trauma
2549,41.73392,-87.5351,1401,trauma
2550,41.73892,-87.5351,1448,trauma
2551,41.74392,-87.5351,1341,trauma
2552,41.74892,-87.5351,1316,trauma
2553,41.75392,-87.5351,1435,trauma
2554,41.64892,-87.5301,1937,trauma
2555,41.65392,-87.5301,1929,trauma
2556,41.65892,-87.5301,1985,trauma
2557,41.66392,-87.5301,2096,trauma
2558,41.66892,-87.5301,2047,trauma
2559,41.67392,-87.5301,1955,trauma
2560,41.67892,-87.5301,1702,trauma
2561,41.68392,-87.5301,1691,trauma
2562,41.68892,-87.5301,1560,trauma
2563,41.69392,-87.5301,1490,trauma
2564,41.69892,-87.5301,1412,trauma
2565,41.70392,-87.5301,1451,trauma
2566,41.70892,-87.5301,1270,trauma
2567,41.71392,-87.5301,1494,trauma
2568,41.71892,-87.5301,1434,trauma
2569,41.72392,-87.5301,1421,trauma
2570,41.72892,-87.5301,1469,trauma
2571,41.73392,-87.5301,1475,trauma
2572,41.73892,-87.5301,1475,trauma
2573,41.74392,-87.5301,1474,trauma
2574,41.74892,-87.5301,1316,trauma
2575,41.75392,-87.5301,1437,trauma
2576,41.75892,-87.5301,1442,trauma
2577,41.64892,-87.5251,1848,trauma
2578,41.65392,-87.5251,1979,trauma
2579,41.65892,-87.5251,1931,trauma
2580,41.66392,-87.5251,2096,trauma
2581,41.66892,-87.5251,2046,trauma
2582,41.67392,-87.5251,1996,trauma
2583,41.67892,-87.5251,1657,trauma
2584,41.68392,-87.5251,1595,trauma
2585,41.68892,-87.5251,1532,trauma
2586,41.69392,-87.5251,1480,trauma
2587,41.69892,-87.5251,1421,trauma
2588,41.70392,-87.5251,1295,trauma
2589,41.70892,-87.5251,1596,trauma
2590,41.71392,-87.5251,1612,trauma
2591,41.71892,-87.5251,1492,trauma
2592,41.72392,-87.5251,1468,trauma
2593,41.72892,-87.5251,1495,trauma
2594,41.73392,-87.5251,1475,trauma
2595,41.73892,-87.5251,1475,trauma
2596,41.74392,-87.5251,1475,trauma
2597,41.74892,-87.5251,1316,trauma
2598,41.75392,-87.5251,1311,trauma
2599,41.75892,-87.5251,1441,trauma
