"grouping";"min";"new_geom"
1;3;"<Polygon><outerBoundaryIs><LinearRing><coordinates>-87.91373,41.95513 -87.91367,41.95535 -87.91407,41.95524 -87.9251,41.95892 -87.9351,41.96892 -87.9351,42.00392 -87.8951,42.00392 -87.88637,41.9981 -87.88653,41.99749 -87.88576,41.99769 -87.8801,41.99392 -87.87666,41.98703 -87.87668,41.98694 -87.8772,41.98642 -87.87668,41.9859 -87.87615,41.98392 -87.87653,41.98249 -87.8751,41.98287 -87.87449,41.98271 -87.8701,41.97392 -87.87367,41.97035 -87.8751,41.96997 -87.87708,41.9705 -87.8776,41.97102 -87.87812,41.9705 -87.8801,41.96997 -87.88153,41.97035 -87.88115,41.96892 -87.88168,41.96694 -87.8822,41.96642 -87.88168,41.9659 -87.88115,41.96392 -87.88153,41.96249 -87.8851,41.95892 -87.8951,41.95392 -87.9101,41.95392 -87.91373,41.95513</coordinates></LinearRing></outerBoundaryIs></Polygon>"
3;3;"<Polygon><outerBoundaryIs><LinearRing><coordinates>-87.85323,41.94518 -87.85316,41.94545 -87.85336,41.94545 -87.8551,41.94892 -87.85576,41.95221 -87.8551,41.95239 -87.8501,41.95239 -87.84836,41.95193 -87.8476,41.95116 -87.84734,41.95142 -87.84811,41.95218 -87.84857,41.95392 -87.84857,41.95545 -87.8501,41.95545 -87.85184,41.95591 -87.8526,41.95668 -87.85336,41.95591 -87.8551,41.95545 -87.85648,41.95582 -87.8583,41.96493 -87.85811,41.96566 -87.85684,41.96693 -87.8551,41.96739 -87.85336,41.96693 -87.8526,41.96616 -87.85234,41.96642 -87.85311,41.96718 -87.85357,41.96892 -87.85357,41.97045 -87.8551,41.97045 -87.85941,41.97045 -87.8601,41.97392 -87.85836,41.97739 -87.85816,41.97739 -87.85823,41.97766 -87.8551,41.98392 -87.8401,41.98392 -87.83693,41.97283 -87.83857,41.97239 -87.83905,41.97058 -87.83663,41.96993 -87.83589,41.9692 -87.83133,41.95321 -87.83163,41.95291 -87.83163,41.95239 -87.83109,41.95239 -87.8301,41.94892 -87.8301,41.93892 -87.8501,41.93892 -87.85323,41.94518</coordinates></LinearRing></outerBoundaryIs></Polygon>"
6;3;"<LineString><coordinates>-87.6551,41.85392 -87.6551,41.85892</coordinates></LineString>"
11;3;"<LineString><coordinates>-87.6351,41.89392 -87.6301,41.89892</coordinates></LineString>"
13;3;"<Polygon><outerBoundaryIs><LinearRing><coordinates>-87.5651,41.67392 -87.5651,41.7528 -87.5651,41.76892 -87.56417,41.75305 -87.56057,41.69197 -87.5601,41.68392 -87.5601,41.67053 -87.5601,41.64892 -87.5651,41.67392</coordinates></LinearRing></outerBoundaryIs></Polygon>"
14;3;"<Polygon><outerBoundaryIs><LinearRing><coordinates>-87.74143,41.75828 -87.76545,41.77749 -87.78984,41.77262 -87.7901,41.77259 -87.79914,41.77259 -87.8001,41.77392 -87.80143,41.78171 -87.80143,41.79392 -87.80104,41.79486 -87.79625,41.79965 -87.77162,41.86863 -87.8061,41.90804 -87.80621,41.90818 -87.82621,41.93818 -87.82643,41.93892 -87.82643,41.9487 -87.83363,41.9703 -87.8351,41.97892 -87.8351,41.98392 -87.83228,41.98862 -87.82104,41.99986 -87.8201,42.00025 -87.81966,42.00007 -87.82129,42.00333 -87.82143,42.00392 -87.82143,42.0067 -87.8201,42.00892 -87.8151,42.01392 -87.80874,42.01421 -87.78499,42.01025 -87.7801,42.01025 -87.77968,42.01018 -87.76468,42.00518 -87.76461,42.00515 -87.74028,41.99542 -87.70754,42.01881 -87.7051,42.01892 -87.6651,42.01892 -87.6615,42.01231 -87.65885,42.00438 -87.64892,41.97954 -87.63939,41.96525 -87.63583,41.96525 -87.6351,41.96392 -87.63377,41.96089 -87.63377,41.94408 -87.62885,41.92438 -87.62391,41.91451 -87.62377,41.91392 -87.62377,41.90892 -87.62391,41.90833 -87.63269,41.89076 -87.61036,41.89522 -87.6101,41.89525 -87.6051,41.89525 -87.60492,41.89518 -87.60377,41.89256 -87.60377,41.85423 -87.59395,41.83459 -87.58399,41.81966 -87.5838,41.81918 -87.57885,41.79444 -87.55925,41.76504 -87.54582,41.76056 -87.5451,41.75892 -87.54377,41.74695 -87.54377,41.73905 -87.5418,41.72918 -87.5401,41.71392 -87.5401,41.64892 -87.6151,41.64892 -87.62224,41.651 -87.63569,41.65773 -87.63578,41.65778 -87.66061,41.67268 -87.68037,41.67762 -87.71021,41.68259 -87.73054,41.68259 -87.7351,41.68392 -87.73595,41.68509 -87.72167,41.70888 -87.74121,41.73818 -87.74143,41.73892 -87.74143,41.75828</coordinates></LinearRing></outerBoundaryIs></Polygon>"
16;3;"<Polygon><outerBoundaryIs><LinearRing><coordinates>-87.53884,41.7013 -87.53872,41.70142 -87.53886,41.70156 -87.53914,41.70555 -87.53898,41.70616 -87.53872,41.70642 -87.53898,41.70668 -87.53931,41.70792 -87.53943,41.7095 -87.53898,41.71116 -87.53872,41.71142 -87.53898,41.71168 -87.53958,41.71392 -87.53939,41.71463 -87.53979,41.71452 -87.5401,41.71892 -87.5401,41.75392 -87.5301,41.75892 -87.5251,41.75892 -87.5251,41.64892 -87.5351,41.64892 -87.53884,41.7013</coordinates></LinearRing></outerBoundaryIs></Polygon>"
1;6;"<Polygon><outerBoundaryIs><LinearRing><coordinates>-87.91373,41.95513 -87.91367,41.95535 -87.91407,41.95524 -87.9251,41.95892 -87.9351,41.96892 -87.9351,42.00392 -87.8951,42.00392 -87.88637,41.9981 -87.88653,41.99749 -87.88576,41.99769 -87.8801,41.99392 -87.87666,41.98703 -87.87668,41.98694 -87.8772,41.98642 -87.87668,41.9859 -87.87615,41.98392 -87.87653,41.98249 -87.8751,41.98287 -87.87449,41.98271 -87.8701,41.97392 -87.87367,41.97035 -87.8751,41.96997 -87.87708,41.9705 -87.8776,41.97102 -87.87812,41.9705 -87.8801,41.96997 -87.88153,41.97035 -87.88115,41.96892 -87.88168,41.96694 -87.8822,41.96642 -87.88168,41.9659 -87.88115,41.96392 -87.88153,41.96249 -87.8851,41.95892 -87.8951,41.95392 -87.9101,41.95392 -87.91373,41.95513</coordinates></LinearRing></outerBoundaryIs></Polygon>"
3;6;"<Polygon><outerBoundaryIs><LinearRing><coordinates>-87.85323,41.94518 -87.85316,41.94545 -87.85336,41.94545 -87.8551,41.94892 -87.85576,41.95221 -87.8551,41.95239 -87.8501,41.95239 -87.84836,41.95193 -87.8476,41.95116 -87.84734,41.95142 -87.84811,41.95218 -87.84857,41.95392 -87.84857,41.95545 -87.8501,41.95545 -87.85184,41.95591 -87.8526,41.95668 -87.85336,41.95591 -87.8551,41.95545 -87.85648,41.95582 -87.8583,41.96493 -87.85811,41.96566 -87.85684,41.96693 -87.8551,41.96739 -87.85336,41.96693 -87.8526,41.96616 -87.85234,41.96642 -87.85311,41.96718 -87.85357,41.96892 -87.85357,41.97045 -87.8551,41.97045 -87.85941,41.97045 -87.8601,41.97392 -87.85836,41.97739 -87.85816,41.97739 -87.85823,41.97766 -87.8551,41.98392 -87.8401,41.98392 -87.83693,41.97283 -87.83857,41.97239 -87.83905,41.97058 -87.83663,41.96993 -87.83589,41.9692 -87.83133,41.95321 -87.83163,41.95291 -87.83163,41.95239 -87.83109,41.95239 -87.8301,41.94892 -87.8301,41.93892 -87.8501,41.93892 -87.85323,41.94518</coordinates></LinearRing></outerBoundaryIs></Polygon>"
6;6;"<LineString><coordinates>-87.6451,41.88892 -87.6451,41.89392</coordinates></LineString>"
11;6;"<LineString><coordinates>-87.6151,41.72892 -87.6101,41.80392</coordinates></LineString>"
13;6;"<Polygon><outerBoundaryIs><LinearRing><coordinates>-87.74146,41.75336 -87.76555,41.77744 -87.78983,41.77259 -87.7901,41.77256 -87.79912,41.77256 -87.8001,41.77392 -87.80146,41.78189 -87.80146,41.79392 -87.80106,41.79488 -87.79628,41.79967 -87.77165,41.86863 -87.80612,41.90802 -87.80623,41.90817 -87.82623,41.93817 -87.82646,41.93892 -87.82646,41.9487 -87.83359,41.9701 -87.8351,41.97892 -87.8351,41.98392 -87.83222,41.98873 -87.82146,41.99948 -87.82146,42.00665 -87.8201,42.00892 -87.8151,42.01392 -87.8086,42.01422 -87.78499,42.01028 -87.7751,42.01028 -87.77449,42.01014 -87.74517,41.99548 -87.70787,42.01879 -87.7051,42.01892 -87.6651,42.01892 -87.65961,42.00885 -87.65384,41.99443 -87.65381,41.99435 -87.64891,41.97965 -87.63741,41.96815 -87.6351,41.96392 -87.63374,41.96139 -87.63374,41.90892 -87.63376,41.9087 -87.63874,41.87881 -87.63874,41.87112 -87.63071,41.87514 -87.62977,41.87524 -87.60977,41.87024 -87.60914,41.86988 -87.60414,41.86488 -87.60374,41.86392 -87.60374,41.8493 -87.58902,41.82476 -87.58414,41.81988 -87.58377,41.81919 -87.57881,41.79442 -87.56421,41.77008 -87.52991,41.76028 -87.52583,41.76028 -87.5251,41.75892 -87.5251,41.64892 -87.6151,41.64892 -87.62862,41.65286 -87.64061,41.65766 -87.64092,41.65783 -87.66067,41.67265 -87.68537,41.67759 -87.71023,41.68256 -87.73044,41.68256 -87.7351,41.68392 -87.73597,41.68512 -87.72171,41.70888 -87.74123,41.73817 -87.74146,41.73892 -87.74146,41.75336</coordinates></LinearRing></outerBoundaryIs></Polygon>"
1;9;"<Polygon><outerBoundaryIs><LinearRing><coordinates>-87.91373,41.95513 -87.91367,41.95535 -87.91407,41.95524 -87.9251,41.95892 -87.9351,41.96892 -87.9351,42.00392 -87.8951,42.00392 -87.88637,41.9981 -87.88653,41.99749 -87.88576,41.99769 -87.8801,41.99392 -87.87666,41.98703 -87.87668,41.98694 -87.8772,41.98642 -87.87668,41.9859 -87.87615,41.98392 -87.87653,41.98249 -87.8751,41.98287 -87.87449,41.98271 -87.8701,41.97392 -87.87367,41.97035 -87.8751,41.96997 -87.87708,41.9705 -87.8776,41.97102 -87.87812,41.9705 -87.8801,41.96997 -87.88153,41.97035 -87.88115,41.96892 -87.88168,41.96694 -87.8822,41.96642 -87.88168,41.9659 -87.88115,41.96392 -87.88153,41.96249 -87.8851,41.95892 -87.8951,41.95392 -87.9101,41.95392 -87.91373,41.95513</coordinates></LinearRing></outerBoundaryIs></Polygon>"
3;9;"<Polygon><outerBoundaryIs><LinearRing><coordinates>-87.85323,41.94518 -87.85316,41.94545 -87.85336,41.94545 -87.8551,41.94892 -87.85576,41.95221 -87.8551,41.95239 -87.8501,41.95239 -87.84836,41.95193 -87.8476,41.95116 -87.84734,41.95142 -87.84811,41.95218 -87.84857,41.95392 -87.84857,41.95545 -87.8501,41.95545 -87.85184,41.95591 -87.8526,41.95668 -87.85336,41.95591 -87.8551,41.95545 -87.85648,41.95582 -87.8583,41.96493 -87.85811,41.96566 -87.85684,41.96693 -87.8551,41.96739 -87.85336,41.96693 -87.8526,41.96616 -87.85234,41.96642 -87.85311,41.96718 -87.85357,41.96892 -87.85357,41.97045 -87.8551,41.97045 -87.85941,41.97045 -87.8601,41.97392 -87.85836,41.97739 -87.85816,41.97739 -87.85823,41.97766 -87.8551,41.98392 -87.8401,41.98392 -87.83693,41.97283 -87.83857,41.97239 -87.83905,41.97058 -87.83663,41.96993 -87.83589,41.9692 -87.83133,41.95321 -87.83163,41.95291 -87.83163,41.95239 -87.83109,41.95239 -87.8301,41.94892 -87.8301,41.93892 -87.8501,41.93892 -87.85323,41.94518</coordinates></LinearRing></outerBoundaryIs></Polygon>"
6;9;"<LineString><coordinates>-87.6201,41.85892 -87.6151,41.64892</coordinates></LineString>"
11;9;"<LineString><coordinates>-87.5851,41.67892 -87.5751,41.65392</coordinates></LineString>"
12;9;"<Polygon><outerBoundaryIs><LinearRing><coordinates>-87.74146,41.74392 -87.74146,41.753 -87.79036,41.77256 -87.79912,41.77256 -87.8001,41.77392 -87.80146,41.78189 -87.80146,41.79392 -87.80106,41.79488 -87.79629,41.79965 -87.77166,41.87355 -87.80606,41.90796 -87.80623,41.90817 -87.82623,41.93817 -87.82646,41.93892 -87.82646,41.94381 -87.83137,41.97327 -87.8347,41.9766 -87.8351,41.97892 -87.8351,41.98392 -87.83222,41.98873 -87.82146,41.99948 -87.82146,42.00665 -87.8201,42.00892 -87.8151,42.01392 -87.8086,42.01422 -87.78499,42.01028 -87.7751,42.01028 -87.77449,42.01014 -87.76494,42.00536 -87.71195,42.01861 -87.7051,42.01892 -87.6651,42.01892 -87.65961,42.00885 -87.65384,41.99443 -87.65381,41.99435 -87.64891,41.97965 -87.63741,41.96815 -87.6351,41.96392 -87.63374,41.96139 -87.63374,41.94392 -87.63392,41.94325 -87.65374,41.90856 -87.65374,41.89409 -87.64378,41.85425 -87.64374,41.85392 -87.64374,41.85112 -87.63571,41.85514 -87.63561,41.85518 -87.61061,41.86518 -87.6101,41.86528 -87.6051,41.86528 -87.60424,41.86497 -87.60377,41.86419 -87.59882,41.83945 -87.58897,41.82467 -87.58888,41.82453 -87.58388,41.81453 -87.58378,41.81425 -87.57887,41.79462 -87.54454,41.76028 -87.52583,41.76028 -87.5251,41.75892 -87.5251,41.64892 -87.6101,41.64892 -87.62231,41.65234 -87.63561,41.65766 -87.6358,41.65775 -87.66063,41.67265 -87.68038,41.67759 -87.71021,41.68256 -87.73024,41.68256 -87.7351,41.68392 -87.73597,41.68512 -87.72171,41.70888 -87.74123,41.73817 -87.74146,41.73892 -87.74146,41.74392</coordinates></LinearRing></outerBoundaryIs></Polygon>"
1;12;"<Polygon><outerBoundaryIs><LinearRing><coordinates>-87.91373,41.95513 -87.91367,41.95535 -87.91407,41.95524 -87.9251,41.95892 -87.9351,41.96892 -87.9351,42.00392 -87.8951,42.00392 -87.88637,41.9981 -87.88653,41.99749 -87.88576,41.99769 -87.8801,41.99392 -87.87666,41.98703 -87.87668,41.98694 -87.8772,41.98642 -87.87668,41.9859 -87.87615,41.98392 -87.87653,41.98249 -87.8751,41.98287 -87.87449,41.98271 -87.8701,41.97392 -87.87367,41.97035 -87.8751,41.96997 -87.87708,41.9705 -87.8776,41.97102 -87.87812,41.9705 -87.8801,41.96997 -87.88153,41.97035 -87.88115,41.96892 -87.88168,41.96694 -87.8822,41.96642 -87.88168,41.9659 -87.88115,41.96392 -87.88153,41.96249 -87.8851,41.95892 -87.8951,41.95392 -87.9101,41.95392 -87.91373,41.95513</coordinates></LinearRing></outerBoundaryIs></Polygon>"
3;12;"<Polygon><outerBoundaryIs><LinearRing><coordinates>-87.85323,41.94518 -87.85316,41.94545 -87.85336,41.94545 -87.8551,41.94892 -87.85576,41.95221 -87.8551,41.95239 -87.8501,41.95239 -87.84836,41.95193 -87.8476,41.95116 -87.84734,41.95142 -87.84811,41.95218 -87.84857,41.95392 -87.84857,41.95545 -87.8501,41.95545 -87.85184,41.95591 -87.8526,41.95668 -87.85336,41.95591 -87.8551,41.95545 -87.85648,41.95582 -87.8583,41.96493 -87.85811,41.96566 -87.85684,41.96693 -87.8551,41.96739 -87.85336,41.96693 -87.8526,41.96616 -87.85234,41.96642 -87.85311,41.96718 -87.85357,41.96892 -87.85357,41.97045 -87.8551,41.97045 -87.85941,41.97045 -87.8601,41.97392 -87.85836,41.97739 -87.85816,41.97739 -87.85823,41.97766 -87.8551,41.98392 -87.8401,41.98392 -87.83693,41.97283 -87.83857,41.97239 -87.83905,41.97058 -87.83663,41.96993 -87.83589,41.9692 -87.83133,41.95321 -87.83163,41.95291 -87.83163,41.95239 -87.83109,41.95239 -87.8301,41.94892 -87.8301,41.93892 -87.8501,41.93892 -87.85323,41.94518</coordinates></LinearRing></outerBoundaryIs></Polygon>"
6;12;"<LineString><coordinates>-87.5851,41.70392 -87.5851,41.70892</coordinates></LineString>"
8;12;"<Polygon><outerBoundaryIs><LinearRing><coordinates>-87.54137,41.72446 -87.54137,41.72882 -87.5351,41.75392 -87.5251,41.75892 -87.5251,41.69392 -87.52689,41.67785 -87.5301,41.64892 -87.53636,41.67187 -87.5363,41.67424 -87.53626,41.67448 -87.53564,41.67681 -87.53537,41.67727 -87.53411,41.67853 -87.53366,41.67898 -87.53072,41.69125 -87.53722,41.69604 -87.53913,41.69412 -87.5396,41.69385 -87.54217,41.69316 -87.5451,41.70392 -87.5451,41.71392 -87.54265,41.72372 -87.5424,41.72473 -87.54238,41.72473 -87.54137,41.72446</coordinates></LinearRing></outerBoundaryIs></Polygon>"
11;12;"<Point><coordinates>-87.5301,41.67892</coordinates></Point>"
12;12;"<Polygon><outerBoundaryIs><LinearRing><coordinates>-87.74146,41.74348 -87.7657,41.77741 -87.78983,41.77259 -87.7901,41.77256 -87.79912,41.77256 -87.8001,41.77392 -87.80146,41.78189 -87.80146,41.79392 -87.80106,41.79488 -87.79651,41.79943 -87.80642,41.90845 -87.82623,41.93817 -87.82646,41.93892 -87.82646,41.9487 -87.83359,41.9701 -87.8351,41.97892 -87.8351,41.98392 -87.83222,41.98873 -87.82146,41.99948 -87.82146,42.00665 -87.8201,42.00892 -87.8151,42.01392 -87.8086,42.01422 -87.78488,42.01026 -87.78477,42.01024 -87.76477,42.00524 -87.76473,42.00523 -87.7305,41.99545 -87.70711,42.01883 -87.7051,42.01892 -87.6651,42.01892 -87.65901,42.00719 -87.66373,41.97889 -87.65375,41.89408 -87.65378,41.89361 -87.67268,41.81326 -87.65606,41.82988 -87.6551,41.83028 -87.63527,41.83028 -87.61543,41.83524 -87.6151,41.83528 -87.6101,41.83528 -87.60901,41.83474 -87.59401,41.81474 -87.57901,41.79474 -87.57888,41.79453 -87.56906,41.77488 -87.54472,41.76028 -87.53081,41.76028 -87.5301,41.75892 -87.52874,41.73988 -87.52874,41.71405 -87.52587,41.69971 -87.5251,41.68892 -87.5251,41.64892 -87.6151,41.64892 -87.62862,41.65286 -87.64061,41.65766 -87.64092,41.65783 -87.66067,41.67265 -87.68537,41.67759 -87.71023,41.68256 -87.73044,41.68256 -87.7351,41.68392 -87.73597,41.68512 -87.72171,41.70888 -87.74123,41.73817 -87.74146,41.73892 -87.74146,41.74348</coordinates></LinearRing></outerBoundaryIs></Polygon>"
1;15;"<Polygon><outerBoundaryIs><LinearRing><coordinates>-87.91373,41.95513 -87.91367,41.95535 -87.91407,41.95524 -87.9251,41.95892 -87.9351,41.96892 -87.9351,42.00392 -87.8951,42.00392 -87.88637,41.9981 -87.88653,41.99749 -87.88576,41.99769 -87.8801,41.99392 -87.87666,41.98703 -87.87668,41.98694 -87.8772,41.98642 -87.87668,41.9859 -87.87615,41.98392 -87.87653,41.98249 -87.8751,41.98287 -87.87449,41.98271 -87.8701,41.97392 -87.87367,41.97035 -87.8751,41.96997 -87.87708,41.9705 -87.8776,41.97102 -87.87812,41.9705 -87.8801,41.96997 -87.88153,41.97035 -87.88115,41.96892 -87.88168,41.96694 -87.8822,41.96642 -87.88168,41.9659 -87.88115,41.96392 -87.88153,41.96249 -87.8851,41.95892 -87.8951,41.95392 -87.9101,41.95392 -87.91373,41.95513</coordinates></LinearRing></outerBoundaryIs></Polygon>"
3;15;"<Polygon><outerBoundaryIs><LinearRing><coordinates>-87.85323,41.94518 -87.85316,41.94545 -87.85336,41.94545 -87.8551,41.94892 -87.85576,41.95221 -87.8551,41.95239 -87.8501,41.95239 -87.84836,41.95193 -87.8476,41.95116 -87.84734,41.95142 -87.84811,41.95218 -87.84857,41.95392 -87.84857,41.95545 -87.8501,41.95545 -87.85184,41.95591 -87.8526,41.95668 -87.85336,41.95591 -87.8551,41.95545 -87.85648,41.95582 -87.8583,41.96493 -87.85811,41.96566 -87.85684,41.96693 -87.8551,41.96739 -87.85336,41.96693 -87.8526,41.96616 -87.85234,41.96642 -87.85311,41.96718 -87.85357,41.96892 -87.85357,41.97045 -87.8551,41.97045 -87.85941,41.97045 -87.8601,41.97392 -87.85836,41.97739 -87.85816,41.97739 -87.85823,41.97766 -87.8551,41.98392 -87.8401,41.98392 -87.83693,41.97283 -87.83857,41.97239 -87.83905,41.97058 -87.83663,41.96993 -87.83589,41.9692 -87.83133,41.95321 -87.83163,41.95291 -87.83163,41.95239 -87.83109,41.95239 -87.8301,41.94892 -87.8301,41.93892 -87.8501,41.93892 -87.85323,41.94518</coordinates></LinearRing></outerBoundaryIs></Polygon>"
6;15;"<LineString><coordinates>-87.5351,41.69892 -87.5351,41.70392</coordinates></LineString>"
10;15;"<Point><coordinates>-87.5251,41.75892</coordinates></Point>"
11;15;"<Polygon><outerBoundaryIs><LinearRing><coordinates>-87.7401,41.73756 -87.74106,41.73796 -87.74146,41.73892 -87.74146,41.753 -87.79036,41.77256 -87.79912,41.77256 -87.8001,41.77392 -87.80074,41.77766 -87.79647,41.79899 -87.80642,41.90845 -87.82623,41.93817 -87.82646,41.93892 -87.82646,41.94381 -87.83137,41.97327 -87.8347,41.9766 -87.8351,41.97892 -87.8351,41.98392 -87.83222,41.98873 -87.82146,41.99948 -87.82146,42.00665 -87.8201,42.00892 -87.8151,42.01392 -87.8086,42.01422 -87.78488,42.01026 -87.78477,42.01024 -87.76477,42.00524 -87.76467,42.00521 -87.73539,41.99545 -87.70735,42.01882 -87.7051,42.01892 -87.6651,42.01892 -87.65924,42.00782 -87.6786,41.98361 -87.65379,41.89428 -87.65376,41.89371 -87.6681,41.80284 -87.66606,41.80488 -87.66483,41.80525 -87.64019,41.80032 -87.61097,41.81006 -87.60123,41.82467 -87.60048,41.82522 -87.59956,41.82517 -87.59888,41.82453 -87.58892,41.8046 -87.56914,41.77493 -87.54472,41.76028 -87.5301,41.76028 -87.52914,41.75988 -87.52725,41.758 -87.5251,41.75392 -87.5251,41.64892 -87.6151,41.64892 -87.62862,41.65286 -87.64061,41.65766 -87.64092,41.65783 -87.66067,41.67265 -87.68532,41.67758 -87.72518,41.68256 -87.73044,41.68256 -87.7351,41.68392 -87.73597,41.68512 -87.72165,41.70898 -87.73594,41.73756 -87.7401,41.73756</coordinates></LinearRing></outerBoundaryIs></Polygon>"
1;18;"<Polygon><outerBoundaryIs><LinearRing><coordinates>-87.91373,41.95513 -87.91367,41.95535 -87.91407,41.95524 -87.9251,41.95892 -87.9351,41.96892 -87.9351,42.00392 -87.8951,42.00392 -87.88637,41.9981 -87.88653,41.99749 -87.88576,41.99769 -87.8801,41.99392 -87.87666,41.98703 -87.87668,41.98694 -87.8772,41.98642 -87.87668,41.9859 -87.87615,41.98392 -87.87653,41.98249 -87.8751,41.98287 -87.87449,41.98271 -87.8701,41.97392 -87.87367,41.97035 -87.8751,41.96997 -87.87708,41.9705 -87.8776,41.97102 -87.87812,41.9705 -87.8801,41.96997 -87.88153,41.97035 -87.88115,41.96892 -87.88168,41.96694 -87.8822,41.96642 -87.88168,41.9659 -87.88115,41.96392 -87.88153,41.96249 -87.8851,41.95892 -87.8951,41.95392 -87.9101,41.95392 -87.91373,41.95513</coordinates></LinearRing></outerBoundaryIs></Polygon>"
3;18;"<Polygon><outerBoundaryIs><LinearRing><coordinates>-87.85323,41.94518 -87.85316,41.94545 -87.85336,41.94545 -87.8551,41.94892 -87.85576,41.95221 -87.8551,41.95239 -87.8501,41.95239 -87.84836,41.95193 -87.8476,41.95116 -87.84734,41.95142 -87.84811,41.95218 -87.84857,41.95392 -87.84857,41.95545 -87.8501,41.95545 -87.85184,41.95591 -87.8526,41.95668 -87.85336,41.95591 -87.8551,41.95545 -87.85648,41.95582 -87.8583,41.96493 -87.85811,41.96566 -87.85684,41.96693 -87.8551,41.96739 -87.85336,41.96693 -87.8526,41.96616 -87.85234,41.96642 -87.85311,41.96718 -87.85357,41.96892 -87.85357,41.97045 -87.8551,41.97045 -87.85941,41.97045 -87.8601,41.97392 -87.85836,41.97739 -87.85816,41.97739 -87.85823,41.97766 -87.8551,41.98392 -87.8401,41.98392 -87.83693,41.97283 -87.83857,41.97239 -87.83905,41.97058 -87.83663,41.96993 -87.83589,41.9692 -87.83133,41.95321 -87.83163,41.95291 -87.83163,41.95239 -87.83109,41.95239 -87.8301,41.94892 -87.8301,41.93892 -87.8501,41.93892 -87.85323,41.94518</coordinates></LinearRing></outerBoundaryIs></Polygon>"
6;18;"<LineString><coordinates>-87.5351,41.66392 -87.5351,41.67892</coordinates></LineString>"
10;18;"<Polygon><outerBoundaryIs><LinearRing><coordinates>-87.7401,41.73756 -87.74106,41.73796 -87.74146,41.73892 -87.74146,41.753 -87.79036,41.77256 -87.79912,41.77256 -87.8001,41.77392 -87.80038,41.77556 -87.78653,41.78941 -87.80139,41.91329 -87.80606,41.91796 -87.82606,41.93796 -87.82645,41.93873 -87.83138,41.97328 -87.8347,41.9766 -87.8351,41.97892 -87.8351,41.98392 -87.83222,41.98873 -87.82146,41.99948 -87.82146,42.00665 -87.8201,42.00892 -87.8151,42.01392 -87.7051,42.01892 -87.6751,42.01892 -87.67356,42.01626 -87.65874,41.78901 -87.65874,41.78892 -87.65874,41.78555 -87.60534,41.79526 -87.6051,41.79528 -87.5951,41.79528 -87.59449,41.79514 -87.52633,41.76106 -87.5251,41.75892 -87.5251,41.64892 -87.6151,41.64892 -87.64607,41.65795 -87.67065,41.67762 -87.71018,41.68256 -87.73044,41.68256 -87.7351,41.68392 -87.73646,41.6858 -87.73646,41.68892 -87.73619,41.68974 -87.72146,41.70937 -87.72146,41.73756 -87.7401,41.73756</coordinates></LinearRing></outerBoundaryIs></Polygon>"
1;21;"<Polygon><outerBoundaryIs><LinearRing><coordinates>-87.91373,41.95513 -87.91367,41.95535 -87.91407,41.95524 -87.9251,41.95892 -87.9351,41.96892 -87.9351,42.00392 -87.8951,42.00392 -87.88637,41.9981 -87.88653,41.99749 -87.88576,41.99769 -87.8801,41.99392 -87.87666,41.98703 -87.87668,41.98694 -87.8772,41.98642 -87.87668,41.9859 -87.87615,41.98392 -87.87653,41.98249 -87.8751,41.98287 -87.87449,41.98271 -87.8701,41.97392 -87.87367,41.97035 -87.8751,41.96997 -87.87708,41.9705 -87.8776,41.97102 -87.87812,41.9705 -87.8801,41.96997 -87.88153,41.97035 -87.88115,41.96892 -87.88168,41.96694 -87.8822,41.96642 -87.88168,41.9659 -87.88115,41.96392 -87.88153,41.96249 -87.8851,41.95892 -87.8951,41.95392 -87.9101,41.95392 -87.91373,41.95513</coordinates></LinearRing></outerBoundaryIs></Polygon>"
3;21;"<Polygon><outerBoundaryIs><LinearRing><coordinates>-87.85323,41.94518 -87.85316,41.94545 -87.85336,41.94545 -87.8551,41.94892 -87.85576,41.95221 -87.8551,41.95239 -87.8501,41.95239 -87.84836,41.95193 -87.8476,41.95116 -87.84734,41.95142 -87.84811,41.95218 -87.84857,41.95392 -87.84857,41.95545 -87.8501,41.95545 -87.85184,41.95591 -87.8526,41.95668 -87.85336,41.95591 -87.8551,41.95545 -87.85648,41.95582 -87.8583,41.96493 -87.85811,41.96566 -87.85684,41.96693 -87.8551,41.96739 -87.85336,41.96693 -87.8526,41.96616 -87.85234,41.96642 -87.85311,41.96718 -87.85357,41.96892 -87.85357,41.97045 -87.8551,41.97045 -87.85941,41.97045 -87.8601,41.97392 -87.85836,41.97739 -87.85816,41.97739 -87.85823,41.97766 -87.8551,41.98392 -87.8401,41.98392 -87.83693,41.97283 -87.83857,41.97239 -87.83905,41.97058 -87.83663,41.96993 -87.83589,41.9692 -87.83133,41.95321 -87.83163,41.95291 -87.83163,41.95239 -87.83109,41.95239 -87.8301,41.94892 -87.8301,41.93892 -87.8501,41.93892 -87.85323,41.94518</coordinates></LinearRing></outerBoundaryIs></Polygon>"
6;21;"<Polygon><outerBoundaryIs><LinearRing><coordinates>-87.7401,41.73756 -87.74135,41.73839 -87.81786,41.91841 -87.8251,41.93892 -87.8351,41.97892 -87.8351,41.98392 -87.83347,41.98664 -87.82146,41.99465 -87.82146,42.00665 -87.8201,42.00892 -87.8151,42.01392 -87.7051,42.01892 -87.6951,42.01892 -87.69334,42.01623 -87.65875,41.77411 -87.65881,41.77349 -87.6631,41.76063 -87.60532,41.77026 -87.6044,41.77009 -87.57983,41.75534 -87.55032,41.76026 -87.5501,41.76028 -87.52599,41.76028 -87.5251,41.75892 -87.5251,41.72565 -87.52872,41.70394 -87.5251,41.68585 -87.5251,41.64892 -87.6151,41.64892 -87.6224,41.65105 -87.63542,41.65756 -87.64472,41.65756 -87.64613,41.65797 -87.67551,41.67756 -87.6851,41.67756 -87.68537,41.67759 -87.71023,41.68256 -87.73044,41.68256 -87.7351,41.68392 -87.73646,41.68777 -87.73646,41.68892 -87.73606,41.68988 -87.72146,41.70448 -87.72146,41.70892 -87.72106,41.70988 -87.7201,41.71028 -87.71583,41.71028 -87.69764,41.73756 -87.7401,41.73756</coordinates></LinearRing></outerBoundaryIs></Polygon>"
13;21;"<Polygon><outerBoundaryIs><LinearRing><coordinates>-87.6151,41.70392 -87.59554,41.72348 -87.5701,41.74892 -87.5401,41.75392 -87.53655,41.74326 -87.5251,41.70892 -87.5251,41.69392 -87.5351,41.64892 -87.6101,41.64892 -87.6151,41.70392</coordinates></LinearRing></outerBoundaryIs></Polygon>"
1;24;"<Polygon><outerBoundaryIs><LinearRing><coordinates>-87.91373,41.95513 -87.91367,41.95535 -87.91407,41.95524 -87.9251,41.95892 -87.9351,41.96892 -87.9351,42.00392 -87.8951,42.00392 -87.88637,41.9981 -87.88653,41.99749 -87.88576,41.99769 -87.8801,41.99392 -87.87666,41.98703 -87.87668,41.98694 -87.8772,41.98642 -87.87668,41.9859 -87.87615,41.98392 -87.87653,41.98249 -87.8751,41.98287 -87.87449,41.98271 -87.8701,41.97392 -87.87367,41.97035 -87.8751,41.96997 -87.87708,41.9705 -87.8776,41.97102 -87.87812,41.9705 -87.8801,41.96997 -87.88153,41.97035 -87.88115,41.96892 -87.88168,41.96694 -87.8822,41.96642 -87.88168,41.9659 -87.88115,41.96392 -87.88153,41.96249 -87.8851,41.95892 -87.8951,41.95392 -87.9101,41.95392 -87.91373,41.95513</coordinates></LinearRing></outerBoundaryIs></Polygon>"
3;24;"<Polygon><outerBoundaryIs><LinearRing><coordinates>-87.82413,41.93892 -87.82413,41.94225 -87.8251,41.94323 -87.827,41.94133 -87.82621,41.93996 -87.82621,41.93892 -87.83579,41.93892 -87.83751,41.94063 -87.83705,41.93892 -87.8451,41.93892 -87.8551,41.94892 -87.85586,41.95274 -87.8551,41.95295 -87.8501,41.95295 -87.84959,41.95281 -87.84906,41.95281 -87.84889,41.95271 -87.84899,41.95288 -87.84899,41.95496 -87.84889,41.95513 -87.84906,41.95503 -87.85114,41.95503 -87.85263,41.95589 -87.85309,41.95543 -87.8551,41.95489 -87.85636,41.95523 -87.85852,41.966 -87.85711,41.96741 -87.8551,41.96795 -87.85472,41.96784 -87.85677,41.96989 -87.85929,41.96989 -87.8601,41.97392 -87.8551,41.98392 -87.8401,41.98392 -87.8301,41.97892 -87.82664,41.9668 -87.8301,41.96587 -87.83413,41.96695 -87.83707,41.96989 -87.83752,41.97156 -87.8401,41.97087 -87.84207,41.97139 -87.84225,41.97107 -87.84538,41.96795 -87.8451,41.96795 -87.84459,41.96781 -87.84406,41.96781 -87.8436,41.96754 -87.84309,41.96741 -87.84271,41.96703 -87.8426,41.96697 -87.84114,41.96781 -87.83906,41.96781 -87.83725,41.96677 -87.83225,41.96177 -87.83199,41.96131 -87.83161,41.96093 -87.83148,41.96042 -87.83121,41.95996 -87.83121,41.95996 -87.83121,41.95943 -87.83107,41.95892 -87.83107,41.95392 -87.83133,41.95295 -87.8301,41.95295 -87.82809,41.95241 -87.82763,41.95195 -87.82614,41.95281 -87.82406,41.95281 -87.82236,41.95183 -87.8201,41.94392 -87.8201,41.93892 -87.82413,41.93892</coordinates></LinearRing></outerBoundaryIs></Polygon>"
6;24;"<Polygon><outerBoundaryIs><LinearRing><coordinates>-87.73643,41.68885 -87.74142,41.73879 -87.74104,41.73986 -87.73662,41.74428 -87.80106,41.93759 -87.82463,41.93759 -87.8251,41.93892 -87.8251,41.94392 -87.82209,41.98306 -87.82143,41.98899 -87.82143,41.99163 -87.8201,42.00892 -87.8151,42.01392 -87.8101,42.01392 -87.7751,42.00892 -87.77416,42.00798 -87.77852,42.00362 -87.6593,41.72544 -87.56076,41.74515 -87.54604,41.75986 -87.5451,41.76025 -87.52643,41.76025 -87.5251,41.75892 -87.5251,41.64892 -87.6151,41.64892 -87.62832,41.65278 -87.64059,41.65769 -87.64069,41.65773 -87.68041,41.67759 -87.6851,41.67759 -87.68526,41.6776 -87.72518,41.68259 -87.73054,41.68259 -87.7351,41.68392 -87.73643,41.68769 -87.73643,41.68885</coordinates></LinearRing></outerBoundaryIs></Polygon>"
8;24;"<Polygon><outerBoundaryIs><LinearRing><coordinates>-87.64673,41.73891 -87.6475,41.73248 -87.64674,41.72966 -87.63409,41.71221 -87.63298,41.71191 -87.62767,41.71049 -87.62708,41.7102 -87.62264,41.70679 -87.62247,41.70664 -87.61935,41.70352 -87.61891,41.70276 -87.61833,41.7006 -87.6183,41.70047 -87.59411,41.68799 -87.5907,41.68891 -87.57737,41.69551 -87.57549,41.69739 -87.57474,41.69783 -87.57306,41.69828 -87.57054,41.69895 -87.56966,41.69895 -87.56661,41.69813 -87.56617,41.69801 -87.54015,41.71424 -87.54013,41.71436 -87.5397,41.71598 -87.53805,41.71562 -87.5301,41.71392 -87.5301,41.66892 -87.5501,41.65392 -87.5851,41.64892 -87.6101,41.64892 -87.63304,41.65766 -87.65094,41.66448 -87.65129,41.66508 -87.65295,41.67128 -87.65354,41.67348 -87.6536,41.67392 -87.6536,41.6789 -87.6669,41.68177 -87.66935,41.67932 -87.6698,41.679 -87.67351,41.67716 -87.67382,41.67705 -87.67921,41.6756 -87.67966,41.67548 -87.67978,41.67546 -87.68398,41.67707 -87.7151,41.68892 -87.7151,41.70892 -87.70769,41.72375 -87.7001,41.73892 -87.6951,41.74392 -87.6701,41.74392 -87.64673,41.73891</coordinates></LinearRing></outerBoundaryIs></Polygon>"
1;27;"<Polygon><outerBoundaryIs><LinearRing><coordinates>-87.8761,41.98912 -87.87573,41.98802 -87.87285,41.98295 -87.87129,41.98154 -87.87125,41.9815 -87.86855,41.97817 -87.86665,41.97689 -87.86649,41.9767 -87.86551,41.97434 -87.86548,41.97412 -87.86557,41.9734 -87.8589,41.96848 -87.85775,41.9671 -87.8551,41.96392 -87.8551,41.95892 -87.85966,41.95835 -87.85978,41.95881 -87.85978,41.95901 -87.87027,41.96923 -87.87501,41.96923 -87.88105,41.96657 -87.8811,41.96648 -87.88117,41.96642 -87.8811,41.96636 -87.88099,41.96616 -87.88042,41.96403 -87.88042,41.96381 -87.88099,41.96168 -87.8811,41.96148 -87.88117,41.96142 -87.8811,41.96136 -87.88099,41.96116 -87.88042,41.95903 -87.88042,41.95881 -87.88099,41.95668 -87.8811,41.95648 -87.88203,41.95555 -87.88272,41.95547 -87.88745,41.95488 -87.88754,41.95492 -87.8876,41.95499 -87.88766,41.95492 -87.88783,41.95483 -87.8951,41.95392 -87.9101,41.95392 -87.9251,41.95892 -87.9351,41.96892 -87.9351,42.00392 -87.8951,42.00392 -87.8861,41.99792 -87.8801,41.99392 -87.8761,41.98912</coordinates></LinearRing></outerBoundaryIs></Polygon>"
3;27;"<Polygon><outerBoundaryIs><LinearRing><coordinates>-87.81805,41.93265 -87.82069,41.93296 -87.8207,41.93296 -87.82546,41.93201 -87.82692,41.93211 -87.83386,41.93446 -87.83452,41.93478 -87.83831,41.93731 -87.83937,41.93703 -87.84083,41.93703 -87.84096,41.93706 -87.84234,41.94036 -87.8501,41.95892 -87.8501,41.98392 -87.83969,41.99284 -87.83094,42.00034 -87.8151,42.01392 -87.8101,42.01392 -87.80378,41.99689 -87.80525,41.99542 -87.80693,41.96343 -87.80471,41.96176 -87.80427,41.96136 -87.80102,41.95762 -87.80055,41.95688 -87.79848,41.95205 -87.79827,41.9506 -87.79878,41.94639 -87.7159,41.75999 -87.6951,41.70392 -87.7051,41.68892 -87.7101,41.68392 -87.7351,41.68392 -87.75409,41.72933 -87.81805,41.93265</coordinates></LinearRing></outerBoundaryIs></Polygon>"
4;27;"<Polygon><outerBoundaryIs><LinearRing><coordinates>-87.64143,41.66541 -87.67438,41.68565 -87.67506,41.68497 -87.67682,41.68321 -87.7051,41.69892 -87.7051,41.70392 -87.6751,41.73392 -87.65615,41.72786 -87.65432,41.72727 -87.65498,41.72481 -87.65566,41.72225 -87.65608,41.7207 -87.62466,41.68528 -87.62388,41.68512 -87.62388,41.68512 -87.6218,41.68469 -87.62068,41.68446 -87.59311,41.68677 -87.59298,41.68689 -87.59298,41.68689 -87.59127,41.68861 -87.59035,41.68912 -87.58896,41.68945 -87.58887,41.68949 -87.58876,41.6895 -87.58527,41.69033 -87.58432,41.69032 -87.58049,41.68929 -87.57391,41.6919 -87.56969,41.69418 -87.5691,41.69438 -87.56507,41.69507 -87.56132,41.69751 -87.55895,41.69675 -87.5501,41.69392 -87.5351,41.68392 -87.5351,41.65392 -87.5451,41.64892 -87.6151,41.64892 -87.63939,41.66241 -87.64158,41.66363 -87.64158,41.66373 -87.64157,41.66377 -87.64157,41.66412 -87.64158,41.66416 -87.64157,41.66429 -87.64157,41.66442 -87.64156,41.66446 -87.64152,41.66516 -87.64143,41.66541</coordinates></LinearRing></outerBoundaryIs></Polygon>"
5;27;"<Polygon><outerBoundaryIs><LinearRing><coordinates>-87.6051,41.64892 -87.61605,41.65257 -87.61676,41.65281 -87.6351,41.65892 -87.6351,41.66892 -87.6301,41.67392 -87.60135,41.67751 -87.5501,41.68392 -87.5301,41.68392 -87.5251,41.67892 -87.5251,41.65026 -87.5251,41.64892 -87.52903,41.64892 -87.6051,41.64892</coordinates></LinearRing></outerBoundaryIs></Polygon>"
8;27;"<Polygon><outerBoundaryIs><LinearRing><coordinates>-87.53906,41.66386 -87.53906,41.66563 -87.54044,41.66616 -87.54127,41.66754 -87.5451,41.67392 -87.5451,41.69392 -87.53763,41.68396 -87.5301,41.67392 -87.5301,41.64892 -87.53906,41.66386</coordinates></LinearRing></outerBoundaryIs></Polygon>"
1;30;"<Polygon><outerBoundaryIs><LinearRing><coordinates>-87.83716,41.97119 -87.83717,41.97117 -87.83723,41.97111 -87.821,41.95529 -87.5351,41.67392 -87.5301,41.64892 -87.6101,41.64892 -87.7351,41.68392 -87.74579,41.69916 -87.84457,41.96661 -87.84966,41.96524 -87.85054,41.96524 -87.8568,41.96692 -87.8752,41.95722 -87.87638,41.95369 -87.87704,41.95281 -87.88438,41.94787 -87.88457,41.94776 -87.89053,41.94478 -87.89095,41.94463 -87.89527,41.94375 -87.89561,41.94372 -87.90492,41.9437 -87.91436,41.94166 -87.91572,41.9413 -87.9351,41.96892 -87.9351,42.00392 -87.8951,42.00392 -87.87363,41.99438 -87.8501,41.98392 -87.83716,41.97119</coordinates></LinearRing></outerBoundaryIs></Polygon>"
2;30;"<Polygon><outerBoundaryIs><LinearRing><coordinates>-87.5251,41.64892 -87.5301,41.65392 -87.5301,41.67392 -87.5251,41.65392 -87.5251,41.64892</coordinates></LinearRing></outerBoundaryIs></Polygon>"
3;30;"<Polygon><outerBoundaryIs><LinearRing><coordinates>-87.5301,41.65892 -87.5251,41.66892 -87.5251,41.65892 -87.5301,41.65892</coordinates></LinearRing></outerBoundaryIs></Polygon>"
4;30;"<Polygon><outerBoundaryIs><LinearRing><coordinates>-87.5301,41.66392 -87.5301,41.66892 -87.5251,41.67392 -87.5301,41.66392</coordinates></LinearRing></outerBoundaryIs></Polygon>"
1;33;"<Polygon><outerBoundaryIs><LinearRing><coordinates>-87.88947,41.9501 -87.88948,41.95009 -87.89026,41.94963 -87.89077,41.9495 -87.89282,41.94639 -87.8935,41.94579 -87.89756,41.94376 -87.89845,41.94358 -87.90298,41.94385 -87.90343,41.94394 -87.90426,41.94421 -87.9301,41.96392 -87.9351,41.98392 -87.9351,41.99892 -87.9201,42.00392 -87.8951,42.00392 -87.88677,41.99649 -87.88491,41.99483 -87.88476,41.99227 -87.88494,41.99138 -87.88509,41.99107 -87.88464,41.98937 -87.88464,41.98847 -87.88581,41.98408 -87.88627,41.9833 -87.88948,41.98009 -87.89026,41.97963 -87.89465,41.97846 -87.8951,41.9784 -87.89839,41.9784 -87.90008,41.97784 -87.8985,41.97705 -87.89782,41.97645 -87.89626,41.97409 -87.89345,41.97426 -87.89256,41.97408 -87.8885,41.97205 -87.88782,41.97145 -87.88532,41.96766 -87.88503,41.9668 -87.88476,41.96227 -87.88494,41.96138 -87.88509,41.96107 -87.88464,41.95937 -87.88464,41.95847 -87.88494,41.95735 -87.55127,41.69726 -87.53149,41.67962 -87.5251,41.67392 -87.5251,41.66392 -87.5301,41.65892 -87.57976,41.69678 -87.88947,41.9501</coordinates></LinearRing></outerBoundaryIs></Polygon>"
1;36;"<Polygon><outerBoundaryIs><LinearRing><coordinates>-87.92362,41.97781 -87.9251,41.97892 -87.9301,41.98392 -87.9351,41.99392 -87.90482,42.00257 -87.9001,42.00392 -87.89652,42.00392 -87.8951,42.00392 -87.8951,42.00266 -87.8951,41.98892 -87.90183,41.9721 -87.9051,41.96392 -87.90982,41.96746 -87.92362,41.97781</coordinates></LinearRing></outerBoundaryIs></Polygon>"
